image,predicted,true,correct
/users/student/pg/pg24/yash.sarang/GNR/GNR638-Group2-24M2152-24M2160-25D1598/Kaggle_Competition/synthetic_data/synthetic_data/images/image_1.png,A,A,True
/users/student/pg/pg24/yash.sarang/GNR/GNR638-Group2-24M2152-24M2160-25D1598/Kaggle_Competition/synthetic_data/synthetic_data/images/image_2.png,A,A,True
/users/student/pg/pg24/yash.sarang/GNR/GNR638-Group2-24M2152-24M2160-25D1598/Kaggle_Competition/synthetic_data/synthetic_data/images/image_3.png,A,A,True
/users/student/pg/pg24/yash.sarang/GNR/GNR638-Group2-24M2152-24M2160-25D1598/Kaggle_Competition/synthetic_data/synthetic_data/images/image_4.png,A,A,True
/users/student/pg/pg24/yash.sarang/GNR/GNR638-Group2-24M2152-24M2160-25D1598/Kaggle_Competition/synthetic_data/synthetic_data/images/image_5.png,A,A,True
/users/student/pg/pg24/yash.sarang/GNR/GNR638-Group2-24M2152-24M2160-25D1598/Kaggle_Competition/synthetic_data/synthetic_data/images/image_6.png,A,A,True
/users/student/pg/pg24/yash.sarang/GNR/GNR638-Group2-24M2152-24M2160-25D1598/Kaggle_Competition/synthetic_data/synthetic_data/images/image_7.png,A,A,True
/users/student/pg/pg24/yash.sarang/GNR/GNR638-Group2-24M2152-24M2160-25D1598/Kaggle_Competition/synthetic_data/synthetic_data/images/image_8.png,A,A,True
/users/student/pg/pg24/yash.sarang/GNR/GNR638-Group2-24M2152-24M2160-25D1598/Kaggle_Competition/synthetic_data/synthetic_data/images/image_9.png,A,A,True
/users/student/pg/pg24/yash.sarang/GNR/GNR638-Group2-24M2152-24M2160-25D1598/Kaggle_Competition/synthetic_data/synthetic_data/images/image_10.png,A,A,True
/users/student/pg/pg24/yash.sarang/GNR/GNR638-Group2-24M2152-24M2160-25D1598/Kaggle_Competition/synthetic_data/synthetic_data/images/image_11.png,A,A,True
/users/student/pg/pg24/yash.sarang/GNR/GNR638-Group2-24M2152-24M2160-25D1598/Kaggle_Competition/synthetic_data/synthetic_data/images/image_12.png,D,A,False
/users/student/pg/pg24/yash.sarang/GNR/GNR638-Group2-24M2152-24M2160-25D1598/Kaggle_Competition/synthetic_data/synthetic_data/images/image_13.png,A,A,True
/users/student/pg/pg24/yash.sarang/GNR/GNR638-Group2-24M2152-24M2160-25D1598/Kaggle_Competition/synthetic_data/synthetic_data/images/image_14.png,A,A,True
/users/student/pg/pg24/yash.sarang/GNR/GNR638-Group2-24M2152-24M2160-25D1598/Kaggle_Competition/synthetic_data/synthetic_data/images/image_15.png,A,A,True
/users/student/pg/pg24/yash.sarang/GNR/GNR638-Group2-24M2152-24M2160-25D1598/Kaggle_Competition/synthetic_data/synthetic_data/images/image_16.png,A,A,True
/users/student/pg/pg24/yash.sarang/GNR/GNR638-Group2-24M2152-24M2160-25D1598/Kaggle_Competition/synthetic_data/synthetic_data/images/image_17.png,A,A,True
/users/student/pg/pg24/yash.sarang/GNR/GNR638-Group2-24M2152-24M2160-25D1598/Kaggle_Competition/synthetic_data/synthetic_data/images/image_18.png,B,A,False
/users/student/pg/pg24/yash.sarang/GNR/GNR638-Group2-24M2152-24M2160-25D1598/Kaggle_Competition/synthetic_data/synthetic_data/images/image_19.png,A,A,True
/users/student/pg/pg24/yash.sarang/GNR/GNR638-Group2-24M2152-24M2160-25D1598/Kaggle_Competition/synthetic_data/synthetic_data/images/image_20.png,A,A,True
/users/student/pg/pg24/yash.sarang/GNR/GNR638-Group2-24M2152-24M2160-25D1598/Kaggle_Competition/synthetic_data/synthetic_data/images/image_21.png,C,A,False
/users/student/pg/pg24/yash.sarang/GNR/GNR638-Group2-24M2152-24M2160-25D1598/Kaggle_Competition/synthetic_data/synthetic_data/images/image_22.png,A,A,True
/users/student/pg/pg24/yash.sarang/GNR/GNR638-Group2-24M2152-24M2160-25D1598/Kaggle_Competition/synthetic_data/synthetic_data/images/image_23.png,D,A,False
/users/student/pg/pg24/yash.sarang/GNR/GNR638-Group2-24M2152-24M2160-25D1598/Kaggle_Competition/synthetic_data/synthetic_data/images/image_24.png,A,A,True
/users/student/pg/pg24/yash.sarang/GNR/GNR638-Group2-24M2152-24M2160-25D1598/Kaggle_Competition/synthetic_data/synthetic_data/images/image_25.png,A,A,True
/users/student/pg/pg24/yash.sarang/GNR/GNR638-Group2-24M2152-24M2160-25D1598/Kaggle_Competition/synthetic_data/synthetic_data/images/image_26.png,B,B,True
/users/student/pg/pg24/yash.sarang/GNR/GNR638-Group2-24M2152-24M2160-25D1598/Kaggle_Competition/synthetic_data/synthetic_data/images/image_27.png,B,B,True
/users/student/pg/pg24/yash.sarang/GNR/GNR638-Group2-24M2152-24M2160-25D1598/Kaggle_Competition/synthetic_data/synthetic_data/images/image_28.png,B,B,True
/users/student/pg/pg24/yash.sarang/GNR/GNR638-Group2-24M2152-24M2160-25D1598/Kaggle_Competition/synthetic_data/synthetic_data/images/image_29.png,B,B,True
/users/student/pg/pg24/yash.sarang/GNR/GNR638-Group2-24M2152-24M2160-25D1598/Kaggle_Competition/synthetic_data/synthetic_data/images/image_30.png,A,B,False
/users/student/pg/pg24/yash.sarang/GNR/GNR638-Group2-24M2152-24M2160-25D1598/Kaggle_Competition/synthetic_data/synthetic_data/images/image_31.png,B,B,True
/users/student/pg/pg24/yash.sarang/GNR/GNR638-Group2-24M2152-24M2160-25D1598/Kaggle_Competition/synthetic_data/synthetic_data/images/image_32.png,B,B,True
/users/student/pg/pg24/yash.sarang/GNR/GNR638-Group2-24M2152-24M2160-25D1598/Kaggle_Competition/synthetic_data/synthetic_data/images/image_33.png,C,B,False
/users/student/pg/pg24/yash.sarang/GNR/GNR638-Group2-24M2152-24M2160-25D1598/Kaggle_Competition/synthetic_data/synthetic_data/images/image_34.png,B,B,True
/users/student/pg/pg24/yash.sarang/GNR/GNR638-Group2-24M2152-24M2160-25D1598/Kaggle_Competition/synthetic_data/synthetic_data/images/image_35.png,A,B,False
/users/student/pg/pg24/yash.sarang/GNR/GNR638-Group2-24M2152-24M2160-25D1598/Kaggle_Competition/synthetic_data/synthetic_data/images/image_36.png,D,B,False
/users/student/pg/pg24/yash.sarang/GNR/GNR638-Group2-24M2152-24M2160-25D1598/Kaggle_Competition/synthetic_data/synthetic_data/images/image_37.png,B,B,True
/users/student/pg/pg24/yash.sarang/GNR/GNR638-Group2-24M2152-24M2160-25D1598/Kaggle_Competition/synthetic_data/synthetic_data/images/image_38.png,C,B,False
/users/student/pg/pg24/yash.sarang/GNR/GNR638-Group2-24M2152-24M2160-25D1598/Kaggle_Competition/synthetic_data/synthetic_data/images/image_39.png,B,B,True
/users/student/pg/pg24/yash.sarang/GNR/GNR638-Group2-24M2152-24M2160-25D1598/Kaggle_Competition/synthetic_data/synthetic_data/images/image_40.png,B,B,True
/users/student/pg/pg24/yash.sarang/GNR/GNR638-Group2-24M2152-24M2160-25D1598/Kaggle_Competition/synthetic_data/synthetic_data/images/image_41.png,B,B,True
/users/student/pg/pg24/yash.sarang/GNR/GNR638-Group2-24M2152-24M2160-25D1598/Kaggle_Competition/synthetic_data/synthetic_data/images/image_42.png,B,B,True
/users/student/pg/pg24/yash.sarang/GNR/GNR638-Group2-24M2152-24M2160-25D1598/Kaggle_Competition/synthetic_data/synthetic_data/images/image_43.png,A,B,False
/users/student/pg/pg24/yash.sarang/GNR/GNR638-Group2-24M2152-24M2160-25D1598/Kaggle_Competition/synthetic_data/synthetic_data/images/image_44.png,B,B,True
/users/student/pg/pg24/yash.sarang/GNR/GNR638-Group2-24M2152-24M2160-25D1598/Kaggle_Competition/synthetic_data/synthetic_data/images/image_45.png,B,B,True
/users/student/pg/pg24/yash.sarang/GNR/GNR638-Group2-24M2152-24M2160-25D1598/Kaggle_Competition/synthetic_data/synthetic_data/images/image_46.png,B,B,True
/users/student/pg/pg24/yash.sarang/GNR/GNR638-Group2-24M2152-24M2160-25D1598/Kaggle_Competition/synthetic_data/synthetic_data/images/image_47.png,B,B,True
/users/student/pg/pg24/yash.sarang/GNR/GNR638-Group2-24M2152-24M2160-25D1598/Kaggle_Competition/synthetic_data/synthetic_data/images/image_48.png,B,B,True
/users/student/pg/pg24/yash.sarang/GNR/GNR638-Group2-24M2152-24M2160-25D1598/Kaggle_Competition/synthetic_data/synthetic_data/images/image_49.png,B,B,True
/users/student/pg/pg24/yash.sarang/GNR/GNR638-Group2-24M2152-24M2160-25D1598/Kaggle_Competition/synthetic_data/synthetic_data/images/image_50.png,B,B,True
/users/student/pg/pg24/yash.sarang/GNR/GNR638-Group2-24M2152-24M2160-25D1598/Kaggle_Competition/synthetic_data/synthetic_data/images/image_51.png,C,C,True
/users/student/pg/pg24/yash.sarang/GNR/GNR638-Group2-24M2152-24M2160-25D1598/Kaggle_Competition/synthetic_data/synthetic_data/images/image_52.png,C,C,True
/users/student/pg/pg24/yash.sarang/GNR/GNR638-Group2-24M2152-24M2160-25D1598/Kaggle_Competition/synthetic_data/synthetic_data/images/image_53.png,A,C,False
/users/student/pg/pg24/yash.sarang/GNR/GNR638-Group2-24M2152-24M2160-25D1598/Kaggle_Competition/synthetic_data/synthetic_data/images/image_54.png,D,C,False
/users/student/pg/pg24/yash.sarang/GNR/GNR638-Group2-24M2152-24M2160-25D1598/Kaggle_Competition/synthetic_data/synthetic_data/images/image_55.png,C,C,True
/users/student/pg/pg24/yash.sarang/GNR/GNR638-Group2-24M2152-24M2160-25D1598/Kaggle_Competition/synthetic_data/synthetic_data/images/image_56.png,C,C,True
/users/student/pg/pg24/yash.sarang/GNR/GNR638-Group2-24M2152-24M2160-25D1598/Kaggle_Competition/synthetic_data/synthetic_data/images/image_57.png,C,C,True
/users/student/pg/pg24/yash.sarang/GNR/GNR638-Group2-24M2152-24M2160-25D1598/Kaggle_Competition/synthetic_data/synthetic_data/images/image_58.png,C,C,True
/users/student/pg/pg24/yash.sarang/GNR/GNR638-Group2-24M2152-24M2160-25D1598/Kaggle_Competition/synthetic_data/synthetic_data/images/image_59.png,C,C,True
/users/student/pg/pg24/yash.sarang/GNR/GNR638-Group2-24M2152-24M2160-25D1598/Kaggle_Competition/synthetic_data/synthetic_data/images/image_60.png,C,C,True
/users/student/pg/pg24/yash.sarang/GNR/GNR638-Group2-24M2152-24M2160-25D1598/Kaggle_Competition/synthetic_data/synthetic_data/images/image_61.png,C,C,True
/users/student/pg/pg24/yash.sarang/GNR/GNR638-Group2-24M2152-24M2160-25D1598/Kaggle_Competition/synthetic_data/synthetic_data/images/image_62.png,C,C,True
/users/student/pg/pg24/yash.sarang/GNR/GNR638-Group2-24M2152-24M2160-25D1598/Kaggle_Competition/synthetic_data/synthetic_data/images/image_63.png,C,C,True
/users/student/pg/pg24/yash.sarang/GNR/GNR638-Group2-24M2152-24M2160-25D1598/Kaggle_Competition/synthetic_data/synthetic_data/images/image_64.png,C,C,True
/users/student/pg/pg24/yash.sarang/GNR/GNR638-Group2-24M2152-24M2160-25D1598/Kaggle_Competition/synthetic_data/synthetic_data/images/image_65.png,C,C,True
/users/student/pg/pg24/yash.sarang/GNR/GNR638-Group2-24M2152-24M2160-25D1598/Kaggle_Competition/synthetic_data/synthetic_data/images/image_66.png,C,C,True
/users/student/pg/pg24/yash.sarang/GNR/GNR638-Group2-24M2152-24M2160-25D1598/Kaggle_Competition/synthetic_data/synthetic_data/images/image_67.png,C,C,True
/users/student/pg/pg24/yash.sarang/GNR/GNR638-Group2-24M2152-24M2160-25D1598/Kaggle_Competition/synthetic_data/synthetic_data/images/image_68.png,C,C,True
/users/student/pg/pg24/yash.sarang/GNR/GNR638-Group2-24M2152-24M2160-25D1598/Kaggle_Competition/synthetic_data/synthetic_data/images/image_69.png,C,C,True
/users/student/pg/pg24/yash.sarang/GNR/GNR638-Group2-24M2152-24M2160-25D1598/Kaggle_Competition/synthetic_data/synthetic_data/images/image_70.png,C,C,True
/users/student/pg/pg24/yash.sarang/GNR/GNR638-Group2-24M2152-24M2160-25D1598/Kaggle_Competition/synthetic_data/synthetic_data/images/image_71.png,A,C,False
/users/student/pg/pg24/yash.sarang/GNR/GNR638-Group2-24M2152-24M2160-25D1598/Kaggle_Competition/synthetic_data/synthetic_data/images/image_72.png,C,C,True
/users/student/pg/pg24/yash.sarang/GNR/GNR638-Group2-24M2152-24M2160-25D1598/Kaggle_Competition/synthetic_data/synthetic_data/images/image_73.png,D,C,False
/users/student/pg/pg24/yash.sarang/GNR/GNR638-Group2-24M2152-24M2160-25D1598/Kaggle_Competition/synthetic_data/synthetic_data/images/image_74.png,C,C,True
/users/student/pg/pg24/yash.sarang/GNR/GNR638-Group2-24M2152-24M2160-25D1598/Kaggle_Competition/synthetic_data/synthetic_data/images/image_75.png,C,C,True
/users/student/pg/pg24/yash.sarang/GNR/GNR638-Group2-24M2152-24M2160-25D1598/Kaggle_Competition/synthetic_data/synthetic_data/images/image_76.png,D,D,True
/users/student/pg/pg24/yash.sarang/GNR/GNR638-Group2-24M2152-24M2160-25D1598/Kaggle_Competition/synthetic_data/synthetic_data/images/image_77.png,C,D,False
/users/student/pg/pg24/yash.sarang/GNR/GNR638-Group2-24M2152-24M2160-25D1598/Kaggle_Competition/synthetic_data/synthetic_data/images/image_78.png,A,D,False
/users/student/pg/pg24/yash.sarang/GNR/GNR638-Group2-24M2152-24M2160-25D1598/Kaggle_Competition/synthetic_data/synthetic_data/images/image_79.png,D,D,True
/users/student/pg/pg24/yash.sarang/GNR/GNR638-Group2-24M2152-24M2160-25D1598/Kaggle_Competition/synthetic_data/synthetic_data/images/image_80.png,D,D,True
/users/student/pg/pg24/yash.sarang/GNR/GNR638-Group2-24M2152-24M2160-25D1598/Kaggle_Competition/synthetic_data/synthetic_data/images/image_81.png,D,D,True
/users/student/pg/pg24/yash.sarang/GNR/GNR638-Group2-24M2152-24M2160-25D1598/Kaggle_Competition/synthetic_data/synthetic_data/images/image_82.png,D,D,True
/users/student/pg/pg24/yash.sarang/GNR/GNR638-Group2-24M2152-24M2160-25D1598/Kaggle_Competition/synthetic_data/synthetic_data/images/image_83.png,D,D,True
/users/student/pg/pg24/yash.sarang/GNR/GNR638-Group2-24M2152-24M2160-25D1598/Kaggle_Competition/synthetic_data/synthetic_data/images/image_84.png,D,D,True
/users/student/pg/pg24/yash.sarang/GNR/GNR638-Group2-24M2152-24M2160-25D1598/Kaggle_Competition/synthetic_data/synthetic_data/images/image_85.png,D,D,True
/users/student/pg/pg24/yash.sarang/GNR/GNR638-Group2-24M2152-24M2160-25D1598/Kaggle_Competition/synthetic_data/synthetic_data/images/image_86.png,D,D,True
/users/student/pg/pg24/yash.sarang/GNR/GNR638-Group2-24M2152-24M2160-25D1598/Kaggle_Competition/synthetic_data/synthetic_data/images/image_87.png,D,D,True
/users/student/pg/pg24/yash.sarang/GNR/GNR638-Group2-24M2152-24M2160-25D1598/Kaggle_Competition/synthetic_data/synthetic_data/images/image_88.png,D,D,True
/users/student/pg/pg24/yash.sarang/GNR/GNR638-Group2-24M2152-24M2160-25D1598/Kaggle_Competition/synthetic_data/synthetic_data/images/image_89.png,D,D,True
/users/student/pg/pg24/yash.sarang/GNR/GNR638-Group2-24M2152-24M2160-25D1598/Kaggle_Competition/synthetic_data/synthetic_data/images/image_90.png,D,D,True
/users/student/pg/pg24/yash.sarang/GNR/GNR638-Group2-24M2152-24M2160-25D1598/Kaggle_Competition/synthetic_data/synthetic_data/images/image_91.png,D,D,True
/users/student/pg/pg24/yash.sarang/GNR/GNR638-Group2-24M2152-24M2160-25D1598/Kaggle_Competition/synthetic_data/synthetic_data/images/image_92.png,C,D,False
/users/student/pg/pg24/yash.sarang/GNR/GNR638-Group2-24M2152-24M2160-25D1598/Kaggle_Competition/synthetic_data/synthetic_data/images/image_93.png,D,D,True
/users/student/pg/pg24/yash.sarang/GNR/GNR638-Group2-24M2152-24M2160-25D1598/Kaggle_Competition/synthetic_data/synthetic_data/images/image_94.png,D,D,True
/users/student/pg/pg24/yash.sarang/GNR/GNR638-Group2-24M2152-24M2160-25D1598/Kaggle_Competition/synthetic_data/synthetic_data/images/image_95.png,D,D,True
/users/student/pg/pg24/yash.sarang/GNR/GNR638-Group2-24M2152-24M2160-25D1598/Kaggle_Competition/synthetic_data/synthetic_data/images/image_96.png,D,D,True
/users/student/pg/pg24/yash.sarang/GNR/GNR638-Group2-24M2152-24M2160-25D1598/Kaggle_Competition/synthetic_data/synthetic_data/images/image_97.png,D,D,True
/users/student/pg/pg24/yash.sarang/GNR/GNR638-Group2-24M2152-24M2160-25D1598/Kaggle_Competition/synthetic_data/synthetic_data/images/image_98.png,D,D,True
/users/student/pg/pg24/yash.sarang/GNR/GNR638-Group2-24M2152-24M2160-25D1598/Kaggle_Competition/synthetic_data/synthetic_data/images/image_99.png,D,D,True
/users/student/pg/pg24/yash.sarang/GNR/GNR638-Group2-24M2152-24M2160-25D1598/Kaggle_Competition/synthetic_data/synthetic_data/images/image_100.png,D,D,True
/users/student/pg/pg24/yash.sarang/GNR/GNR638-Group2-24M2152-24M2160-25D1598/Kaggle_Competition/synthetic_data/synthetic_data/images/image_101.png,A,A,True
/users/student/pg/pg24/yash.sarang/GNR/GNR638-Group2-24M2152-24M2160-25D1598/Kaggle_Competition/synthetic_data/synthetic_data/images/image_102.png,A,A,True
/users/student/pg/pg24/yash.sarang/GNR/GNR638-Group2-24M2152-24M2160-25D1598/Kaggle_Competition/synthetic_data/synthetic_data/images/image_103.png,A,A,True
/users/student/pg/pg24/yash.sarang/GNR/GNR638-Group2-24M2152-24M2160-25D1598/Kaggle_Competition/synthetic_data/synthetic_data/images/image_104.png,A,A,True
/users/student/pg/pg24/yash.sarang/GNR/GNR638-Group2-24M2152-24M2160-25D1598/Kaggle_Competition/synthetic_data/synthetic_data/images/image_105.png,B,A,False
/users/student/pg/pg24/yash.sarang/GNR/GNR638-Group2-24M2152-24M2160-25D1598/Kaggle_Competition/synthetic_data/synthetic_data/images/image_106.png,A,A,True
/users/student/pg/pg24/yash.sarang/GNR/GNR638-Group2-24M2152-24M2160-25D1598/Kaggle_Competition/synthetic_data/synthetic_data/images/image_107.png,B,A,False
/users/student/pg/pg24/yash.sarang/GNR/GNR638-Group2-24M2152-24M2160-25D1598/Kaggle_Competition/synthetic_data/synthetic_data/images/image_108.png,C,A,False
/users/student/pg/pg24/yash.sarang/GNR/GNR638-Group2-24M2152-24M2160-25D1598/Kaggle_Competition/synthetic_data/synthetic_data/images/image_109.png,A,A,True
/users/student/pg/pg24/yash.sarang/GNR/GNR638-Group2-24M2152-24M2160-25D1598/Kaggle_Competition/synthetic_data/synthetic_data/images/image_110.png,A,A,True
/users/student/pg/pg24/yash.sarang/GNR/GNR638-Group2-24M2152-24M2160-25D1598/Kaggle_Competition/synthetic_data/synthetic_data/images/image_111.png,A,A,True
/users/student/pg/pg24/yash.sarang/GNR/GNR638-Group2-24M2152-24M2160-25D1598/Kaggle_Competition/synthetic_data/synthetic_data/images/image_112.png,A,A,True
/users/student/pg/pg24/yash.sarang/GNR/GNR638-Group2-24M2152-24M2160-25D1598/Kaggle_Competition/synthetic_data/synthetic_data/images/image_113.png,A,A,True
/users/student/pg/pg24/yash.sarang/GNR/GNR638-Group2-24M2152-24M2160-25D1598/Kaggle_Competition/synthetic_data/synthetic_data/images/image_114.png,A,A,True
/users/student/pg/pg24/yash.sarang/GNR/GNR638-Group2-24M2152-24M2160-25D1598/Kaggle_Competition/synthetic_data/synthetic_data/images/image_115.png,A,A,True
/users/student/pg/pg24/yash.sarang/GNR/GNR638-Group2-24M2152-24M2160-25D1598/Kaggle_Competition/synthetic_data/synthetic_data/images/image_116.png,A,A,True
/users/student/pg/pg24/yash.sarang/GNR/GNR638-Group2-24M2152-24M2160-25D1598/Kaggle_Competition/synthetic_data/synthetic_data/images/image_117.png,A,A,True
/users/student/pg/pg24/yash.sarang/GNR/GNR638-Group2-24M2152-24M2160-25D1598/Kaggle_Competition/synthetic_data/synthetic_data/images/image_118.png,B,A,False
/users/student/pg/pg24/yash.sarang/GNR/GNR638-Group2-24M2152-24M2160-25D1598/Kaggle_Competition/synthetic_data/synthetic_data/images/image_119.png,A,A,True
/users/student/pg/pg24/yash.sarang/GNR/GNR638-Group2-24M2152-24M2160-25D1598/Kaggle_Competition/synthetic_data/synthetic_data/images/image_120.png,A,A,True
/users/student/pg/pg24/yash.sarang/GNR/GNR638-Group2-24M2152-24M2160-25D1598/Kaggle_Competition/synthetic_data/synthetic_data/images/image_121.png,D,A,False
/users/student/pg/pg24/yash.sarang/GNR/GNR638-Group2-24M2152-24M2160-25D1598/Kaggle_Competition/synthetic_data/synthetic_data/images/image_122.png,A,A,True
/users/student/pg/pg24/yash.sarang/GNR/GNR638-Group2-24M2152-24M2160-25D1598/Kaggle_Competition/synthetic_data/synthetic_data/images/image_123.png,A,A,True
/users/student/pg/pg24/yash.sarang/GNR/GNR638-Group2-24M2152-24M2160-25D1598/Kaggle_Competition/synthetic_data/synthetic_data/images/image_124.png,A,A,True
/users/student/pg/pg24/yash.sarang/GNR/GNR638-Group2-24M2152-24M2160-25D1598/Kaggle_Competition/synthetic_data/synthetic_data/images/image_125.png,A,A,True
/users/student/pg/pg24/yash.sarang/GNR/GNR638-Group2-24M2152-24M2160-25D1598/Kaggle_Competition/synthetic_data/synthetic_data/images/image_126.png,B,B,True
/users/student/pg/pg24/yash.sarang/GNR/GNR638-Group2-24M2152-24M2160-25D1598/Kaggle_Competition/synthetic_data/synthetic_data/images/image_127.png,B,B,True
/users/student/pg/pg24/yash.sarang/GNR/GNR638-Group2-24M2152-24M2160-25D1598/Kaggle_Competition/synthetic_data/synthetic_data/images/image_128.png,B,B,True
/users/student/pg/pg24/yash.sarang/GNR/GNR638-Group2-24M2152-24M2160-25D1598/Kaggle_Competition/synthetic_data/synthetic_data/images/image_129.png,B,B,True
/users/student/pg/pg24/yash.sarang/GNR/GNR638-Group2-24M2152-24M2160-25D1598/Kaggle_Competition/synthetic_data/synthetic_data/images/image_130.png,B,B,True
/users/student/pg/pg24/yash.sarang/GNR/GNR638-Group2-24M2152-24M2160-25D1598/Kaggle_Competition/synthetic_data/synthetic_data/images/image_131.png,B,B,True
/users/student/pg/pg24/yash.sarang/GNR/GNR638-Group2-24M2152-24M2160-25D1598/Kaggle_Competition/synthetic_data/synthetic_data/images/image_132.png,B,B,True
/users/student/pg/pg24/yash.sarang/GNR/GNR638-Group2-24M2152-24M2160-25D1598/Kaggle_Competition/synthetic_data/synthetic_data/images/image_133.png,B,B,True
/users/student/pg/pg24/yash.sarang/GNR/GNR638-Group2-24M2152-24M2160-25D1598/Kaggle_Competition/synthetic_data/synthetic_data/images/image_134.png,B,B,True
/users/student/pg/pg24/yash.sarang/GNR/GNR638-Group2-24M2152-24M2160-25D1598/Kaggle_Competition/synthetic_data/synthetic_data/images/image_135.png,B,B,True
/users/student/pg/pg24/yash.sarang/GNR/GNR638-Group2-24M2152-24M2160-25D1598/Kaggle_Competition/synthetic_data/synthetic_data/images/image_136.png,B,B,True
/users/student/pg/pg24/yash.sarang/GNR/GNR638-Group2-24M2152-24M2160-25D1598/Kaggle_Competition/synthetic_data/synthetic_data/images/image_137.png,B,B,True
/users/student/pg/pg24/yash.sarang/GNR/GNR638-Group2-24M2152-24M2160-25D1598/Kaggle_Competition/synthetic_data/synthetic_data/images/image_138.png,B,B,True
/users/student/pg/pg24/yash.sarang/GNR/GNR638-Group2-24M2152-24M2160-25D1598/Kaggle_Competition/synthetic_data/synthetic_data/images/image_139.png,B,B,True
/users/student/pg/pg24/yash.sarang/GNR/GNR638-Group2-24M2152-24M2160-25D1598/Kaggle_Competition/synthetic_data/synthetic_data/images/image_140.png,B,B,True
/users/student/pg/pg24/yash.sarang/GNR/GNR638-Group2-24M2152-24M2160-25D1598/Kaggle_Competition/synthetic_data/synthetic_data/images/image_141.png,B,B,True
/users/student/pg/pg24/yash.sarang/GNR/GNR638-Group2-24M2152-24M2160-25D1598/Kaggle_Competition/synthetic_data/synthetic_data/images/image_142.png,B,B,True
/users/student/pg/pg24/yash.sarang/GNR/GNR638-Group2-24M2152-24M2160-25D1598/Kaggle_Competition/synthetic_data/synthetic_data/images/image_143.png,B,B,True
/users/student/pg/pg24/yash.sarang/GNR/GNR638-Group2-24M2152-24M2160-25D1598/Kaggle_Competition/synthetic_data/synthetic_data/images/image_144.png,B,B,True
/users/student/pg/pg24/yash.sarang/GNR/GNR638-Group2-24M2152-24M2160-25D1598/Kaggle_Competition/synthetic_data/synthetic_data/images/image_145.png,B,B,True
/users/student/pg/pg24/yash.sarang/GNR/GNR638-Group2-24M2152-24M2160-25D1598/Kaggle_Competition/synthetic_data/synthetic_data/images/image_146.png,B,B,True
/users/student/pg/pg24/yash.sarang/GNR/GNR638-Group2-24M2152-24M2160-25D1598/Kaggle_Competition/synthetic_data/synthetic_data/images/image_147.png,B,B,True
/users/student/pg/pg24/yash.sarang/GNR/GNR638-Group2-24M2152-24M2160-25D1598/Kaggle_Competition/synthetic_data/synthetic_data/images/image_148.png,B,B,True
/users/student/pg/pg24/yash.sarang/GNR/GNR638-Group2-24M2152-24M2160-25D1598/Kaggle_Competition/synthetic_data/synthetic_data/images/image_149.png,B,B,True
/users/student/pg/pg24/yash.sarang/GNR/GNR638-Group2-24M2152-24M2160-25D1598/Kaggle_Competition/synthetic_data/synthetic_data/images/image_150.png,B,B,True
/users/student/pg/pg24/yash.sarang/GNR/GNR638-Group2-24M2152-24M2160-25D1598/Kaggle_Competition/synthetic_data/synthetic_data/images/image_151.png,C,C,True
/users/student/pg/pg24/yash.sarang/GNR/GNR638-Group2-24M2152-24M2160-25D1598/Kaggle_Competition/synthetic_data/synthetic_data/images/image_152.png,C,C,True
/users/student/pg/pg24/yash.sarang/GNR/GNR638-Group2-24M2152-24M2160-25D1598/Kaggle_Competition/synthetic_data/synthetic_data/images/image_153.png,C,C,True
/users/student/pg/pg24/yash.sarang/GNR/GNR638-Group2-24M2152-24M2160-25D1598/Kaggle_Competition/synthetic_data/synthetic_data/images/image_154.png,C,C,True
/users/student/pg/pg24/yash.sarang/GNR/GNR638-Group2-24M2152-24M2160-25D1598/Kaggle_Competition/synthetic_data/synthetic_data/images/image_155.png,C,C,True
/users/student/pg/pg24/yash.sarang/GNR/GNR638-Group2-24M2152-24M2160-25D1598/Kaggle_Competition/synthetic_data/synthetic_data/images/image_156.png,C,C,True
/users/student/pg/pg24/yash.sarang/GNR/GNR638-Group2-24M2152-24M2160-25D1598/Kaggle_Competition/synthetic_data/synthetic_data/images/image_157.png,C,C,True
/users/student/pg/pg24/yash.sarang/GNR/GNR638-Group2-24M2152-24M2160-25D1598/Kaggle_Competition/synthetic_data/synthetic_data/images/image_158.png,C,C,True
/users/student/pg/pg24/yash.sarang/GNR/GNR638-Group2-24M2152-24M2160-25D1598/Kaggle_Competition/synthetic_data/synthetic_data/images/image_159.png,C,C,True
/users/student/pg/pg24/yash.sarang/GNR/GNR638-Group2-24M2152-24M2160-25D1598/Kaggle_Competition/synthetic_data/synthetic_data/images/image_160.png,C,C,True
/users/student/pg/pg24/yash.sarang/GNR/GNR638-Group2-24M2152-24M2160-25D1598/Kaggle_Competition/synthetic_data/synthetic_data/images/image_161.png,C,C,True
/users/student/pg/pg24/yash.sarang/GNR/GNR638-Group2-24M2152-24M2160-25D1598/Kaggle_Competition/synthetic_data/synthetic_data/images/image_162.png,C,C,True
/users/student/pg/pg24/yash.sarang/GNR/GNR638-Group2-24M2152-24M2160-25D1598/Kaggle_Competition/synthetic_data/synthetic_data/images/image_163.png,C,C,True
/users/student/pg/pg24/yash.sarang/GNR/GNR638-Group2-24M2152-24M2160-25D1598/Kaggle_Competition/synthetic_data/synthetic_data/images/image_164.png,C,C,True
/users/student/pg/pg24/yash.sarang/GNR/GNR638-Group2-24M2152-24M2160-25D1598/Kaggle_Competition/synthetic_data/synthetic_data/images/image_165.png,C,C,True
/users/student/pg/pg24/yash.sarang/GNR/GNR638-Group2-24M2152-24M2160-25D1598/Kaggle_Competition/synthetic_data/synthetic_data/images/image_166.png,C,C,True
/users/student/pg/pg24/yash.sarang/GNR/GNR638-Group2-24M2152-24M2160-25D1598/Kaggle_Competition/synthetic_data/synthetic_data/images/image_167.png,C,C,True
/users/student/pg/pg24/yash.sarang/GNR/GNR638-Group2-24M2152-24M2160-25D1598/Kaggle_Competition/synthetic_data/synthetic_data/images/image_168.png,C,C,True
/users/student/pg/pg24/yash.sarang/GNR/GNR638-Group2-24M2152-24M2160-25D1598/Kaggle_Competition/synthetic_data/synthetic_data/images/image_169.png,C,C,True
/users/student/pg/pg24/yash.sarang/GNR/GNR638-Group2-24M2152-24M2160-25D1598/Kaggle_Competition/synthetic_data/synthetic_data/images/image_170.png,C,C,True
/users/student/pg/pg24/yash.sarang/GNR/GNR638-Group2-24M2152-24M2160-25D1598/Kaggle_Competition/synthetic_data/synthetic_data/images/image_171.png,C,C,True
/users/student/pg/pg24/yash.sarang/GNR/GNR638-Group2-24M2152-24M2160-25D1598/Kaggle_Competition/synthetic_data/synthetic_data/images/image_172.png,C,C,True
/users/student/pg/pg24/yash.sarang/GNR/GNR638-Group2-24M2152-24M2160-25D1598/Kaggle_Competition/synthetic_data/synthetic_data/images/image_173.png,C,C,True
/users/student/pg/pg24/yash.sarang/GNR/GNR638-Group2-24M2152-24M2160-25D1598/Kaggle_Competition/synthetic_data/synthetic_data/images/image_174.png,C,C,True
/users/student/pg/pg24/yash.sarang/GNR/GNR638-Group2-24M2152-24M2160-25D1598/Kaggle_Competition/synthetic_data/synthetic_data/images/image_175.png,C,C,True
/users/student/pg/pg24/yash.sarang/GNR/GNR638-Group2-24M2152-24M2160-25D1598/Kaggle_Competition/synthetic_data/synthetic_data/images/image_176.png,D,D,True
/users/student/pg/pg24/yash.sarang/GNR/GNR638-Group2-24M2152-24M2160-25D1598/Kaggle_Competition/synthetic_data/synthetic_data/images/image_177.png,D,D,True
/users/student/pg/pg24/yash.sarang/GNR/GNR638-Group2-24M2152-24M2160-25D1598/Kaggle_Competition/synthetic_data/synthetic_data/images/image_178.png,D,D,True
/users/student/pg/pg24/yash.sarang/GNR/GNR638-Group2-24M2152-24M2160-25D1598/Kaggle_Competition/synthetic_data/synthetic_data/images/image_179.png,D,D,True
/users/student/pg/pg24/yash.sarang/GNR/GNR638-Group2-24M2152-24M2160-25D1598/Kaggle_Competition/synthetic_data/synthetic_data/images/image_180.png,B,D,False
/users/student/pg/pg24/yash.sarang/GNR/GNR638-Group2-24M2152-24M2160-25D1598/Kaggle_Competition/synthetic_data/synthetic_data/images/image_181.png,D,D,True
/users/student/pg/pg24/yash.sarang/GNR/GNR638-Group2-24M2152-24M2160-25D1598/Kaggle_Competition/synthetic_data/synthetic_data/images/image_182.png,D,D,True
/users/student/pg/pg24/yash.sarang/GNR/GNR638-Group2-24M2152-24M2160-25D1598/Kaggle_Competition/synthetic_data/synthetic_data/images/image_183.png,D,D,True
/users/student/pg/pg24/yash.sarang/GNR/GNR638-Group2-24M2152-24M2160-25D1598/Kaggle_Competition/synthetic_data/synthetic_data/images/image_184.png,D,D,True
/users/student/pg/pg24/yash.sarang/GNR/GNR638-Group2-24M2152-24M2160-25D1598/Kaggle_Competition/synthetic_data/synthetic_data/images/image_185.png,B,D,False
/users/student/pg/pg24/yash.sarang/GNR/GNR638-Group2-24M2152-24M2160-25D1598/Kaggle_Competition/synthetic_data/synthetic_data/images/image_186.png,D,D,True
/users/student/pg/pg24/yash.sarang/GNR/GNR638-Group2-24M2152-24M2160-25D1598/Kaggle_Competition/synthetic_data/synthetic_data/images/image_187.png,D,D,True
/users/student/pg/pg24/yash.sarang/GNR/GNR638-Group2-24M2152-24M2160-25D1598/Kaggle_Competition/synthetic_data/synthetic_data/images/image_188.png,D,D,True
/users/student/pg/pg24/yash.sarang/GNR/GNR638-Group2-24M2152-24M2160-25D1598/Kaggle_Competition/synthetic_data/synthetic_data/images/image_189.png,D,D,True
/users/student/pg/pg24/yash.sarang/GNR/GNR638-Group2-24M2152-24M2160-25D1598/Kaggle_Competition/synthetic_data/synthetic_data/images/image_190.png,A,D,False
/users/student/pg/pg24/yash.sarang/GNR/GNR638-Group2-24M2152-24M2160-25D1598/Kaggle_Competition/synthetic_data/synthetic_data/images/image_191.png,D,D,True
/users/student/pg/pg24/yash.sarang/GNR/GNR638-Group2-24M2152-24M2160-25D1598/Kaggle_Competition/synthetic_data/synthetic_data/images/image_192.png,D,D,True
/users/student/pg/pg24/yash.sarang/GNR/GNR638-Group2-24M2152-24M2160-25D1598/Kaggle_Competition/synthetic_data/synthetic_data/images/image_193.png,D,D,True
/users/student/pg/pg24/yash.sarang/GNR/GNR638-Group2-24M2152-24M2160-25D1598/Kaggle_Competition/synthetic_data/synthetic_data/images/image_194.png,D,D,True
/users/student/pg/pg24/yash.sarang/GNR/GNR638-Group2-24M2152-24M2160-25D1598/Kaggle_Competition/synthetic_data/synthetic_data/images/image_195.png,D,D,True
/users/student/pg/pg24/yash.sarang/GNR/GNR638-Group2-24M2152-24M2160-25D1598/Kaggle_Competition/synthetic_data/synthetic_data/images/image_196.png,D,D,True
/users/student/pg/pg24/yash.sarang/GNR/GNR638-Group2-24M2152-24M2160-25D1598/Kaggle_Competition/synthetic_data/synthetic_data/images/image_197.png,D,D,True
/users/student/pg/pg24/yash.sarang/GNR/GNR638-Group2-24M2152-24M2160-25D1598/Kaggle_Competition/synthetic_data/synthetic_data/images/image_198.png,D,D,True
/users/student/pg/pg24/yash.sarang/GNR/GNR638-Group2-24M2152-24M2160-25D1598/Kaggle_Competition/synthetic_data/synthetic_data/images/image_199.png,D,D,True
/users/student/pg/pg24/yash.sarang/GNR/GNR638-Group2-24M2152-24M2160-25D1598/Kaggle_Competition/synthetic_data/synthetic_data/images/image_200.png,D,D,True
/users/student/pg/pg24/yash.sarang/GNR/GNR638-Group2-24M2152-24M2160-25D1598/Kaggle_Competition/synthetic_data/synthetic_data/images/image_201.png,A,A,True
/users/student/pg/pg24/yash.sarang/GNR/GNR638-Group2-24M2152-24M2160-25D1598/Kaggle_Competition/synthetic_data/synthetic_data/images/image_202.png,A,A,True
/users/student/pg/pg24/yash.sarang/GNR/GNR638-Group2-24M2152-24M2160-25D1598/Kaggle_Competition/synthetic_data/synthetic_data/images/image_203.png,A,A,True
/users/student/pg/pg24/yash.sarang/GNR/GNR638-Group2-24M2152-24M2160-25D1598/Kaggle_Competition/synthetic_data/synthetic_data/images/image_204.png,A,A,True
/users/student/pg/pg24/yash.sarang/GNR/GNR638-Group2-24M2152-24M2160-25D1598/Kaggle_Competition/synthetic_data/synthetic_data/images/image_205.png,A,A,True
/users/student/pg/pg24/yash.sarang/GNR/GNR638-Group2-24M2152-24M2160-25D1598/Kaggle_Competition/synthetic_data/synthetic_data/images/image_206.png,A,A,True
/users/student/pg/pg24/yash.sarang/GNR/GNR638-Group2-24M2152-24M2160-25D1598/Kaggle_Competition/synthetic_data/synthetic_data/images/image_207.png,A,A,True
/users/student/pg/pg24/yash.sarang/GNR/GNR638-Group2-24M2152-24M2160-25D1598/Kaggle_Competition/synthetic_data/synthetic_data/images/image_208.png,A,A,True
/users/student/pg/pg24/yash.sarang/GNR/GNR638-Group2-24M2152-24M2160-25D1598/Kaggle_Competition/synthetic_data/synthetic_data/images/image_209.png,A,A,True
/users/student/pg/pg24/yash.sarang/GNR/GNR638-Group2-24M2152-24M2160-25D1598/Kaggle_Competition/synthetic_data/synthetic_data/images/image_210.png,A,A,True
/users/student/pg/pg24/yash.sarang/GNR/GNR638-Group2-24M2152-24M2160-25D1598/Kaggle_Competition/synthetic_data/synthetic_data/images/image_211.png,A,A,True
/users/student/pg/pg24/yash.sarang/GNR/GNR638-Group2-24M2152-24M2160-25D1598/Kaggle_Competition/synthetic_data/synthetic_data/images/image_212.png,A,A,True
/users/student/pg/pg24/yash.sarang/GNR/GNR638-Group2-24M2152-24M2160-25D1598/Kaggle_Competition/synthetic_data/synthetic_data/images/image_213.png,A,A,True
/users/student/pg/pg24/yash.sarang/GNR/GNR638-Group2-24M2152-24M2160-25D1598/Kaggle_Competition/synthetic_data/synthetic_data/images/image_214.png,A,A,True
/users/student/pg/pg24/yash.sarang/GNR/GNR638-Group2-24M2152-24M2160-25D1598/Kaggle_Competition/synthetic_data/synthetic_data/images/image_215.png,A,A,True
/users/student/pg/pg24/yash.sarang/GNR/GNR638-Group2-24M2152-24M2160-25D1598/Kaggle_Competition/synthetic_data/synthetic_data/images/image_216.png,D,A,False
/users/student/pg/pg24/yash.sarang/GNR/GNR638-Group2-24M2152-24M2160-25D1598/Kaggle_Competition/synthetic_data/synthetic_data/images/image_217.png,A,A,True
/users/student/pg/pg24/yash.sarang/GNR/GNR638-Group2-24M2152-24M2160-25D1598/Kaggle_Competition/synthetic_data/synthetic_data/images/image_218.png,A,A,True
/users/student/pg/pg24/yash.sarang/GNR/GNR638-Group2-24M2152-24M2160-25D1598/Kaggle_Competition/synthetic_data/synthetic_data/images/image_219.png,A,A,True
/users/student/pg/pg24/yash.sarang/GNR/GNR638-Group2-24M2152-24M2160-25D1598/Kaggle_Competition/synthetic_data/synthetic_data/images/image_220.png,A,A,True
/users/student/pg/pg24/yash.sarang/GNR/GNR638-Group2-24M2152-24M2160-25D1598/Kaggle_Competition/synthetic_data/synthetic_data/images/image_221.png,A,A,True
/users/student/pg/pg24/yash.sarang/GNR/GNR638-Group2-24M2152-24M2160-25D1598/Kaggle_Competition/synthetic_data/synthetic_data/images/image_222.png,A,A,True
/users/student/pg/pg24/yash.sarang/GNR/GNR638-Group2-24M2152-24M2160-25D1598/Kaggle_Competition/synthetic_data/synthetic_data/images/image_223.png,A,A,True
/users/student/pg/pg24/yash.sarang/GNR/GNR638-Group2-24M2152-24M2160-25D1598/Kaggle_Competition/synthetic_data/synthetic_data/images/image_224.png,A,A,True
/users/student/pg/pg24/yash.sarang/GNR/GNR638-Group2-24M2152-24M2160-25D1598/Kaggle_Competition/synthetic_data/synthetic_data/images/image_225.png,B,A,False
/users/student/pg/pg24/yash.sarang/GNR/GNR638-Group2-24M2152-24M2160-25D1598/Kaggle_Competition/synthetic_data/synthetic_data/images/image_226.png,B,B,True
/users/student/pg/pg24/yash.sarang/GNR/GNR638-Group2-24M2152-24M2160-25D1598/Kaggle_Competition/synthetic_data/synthetic_data/images/image_227.png,B,B,True
/users/student/pg/pg24/yash.sarang/GNR/GNR638-Group2-24M2152-24M2160-25D1598/Kaggle_Competition/synthetic_data/synthetic_data/images/image_228.png,B,B,True
/users/student/pg/pg24/yash.sarang/GNR/GNR638-Group2-24M2152-24M2160-25D1598/Kaggle_Competition/synthetic_data/synthetic_data/images/image_229.png,C,B,False
/users/student/pg/pg24/yash.sarang/GNR/GNR638-Group2-24M2152-24M2160-25D1598/Kaggle_Competition/synthetic_data/synthetic_data/images/image_230.png,B,B,True
/users/student/pg/pg24/yash.sarang/GNR/GNR638-Group2-24M2152-24M2160-25D1598/Kaggle_Competition/synthetic_data/synthetic_data/images/image_231.png,B,B,True
/users/student/pg/pg24/yash.sarang/GNR/GNR638-Group2-24M2152-24M2160-25D1598/Kaggle_Competition/synthetic_data/synthetic_data/images/image_232.png,B,B,True
/users/student/pg/pg24/yash.sarang/GNR/GNR638-Group2-24M2152-24M2160-25D1598/Kaggle_Competition/synthetic_data/synthetic_data/images/image_233.png,B,B,True
/users/student/pg/pg24/yash.sarang/GNR/GNR638-Group2-24M2152-24M2160-25D1598/Kaggle_Competition/synthetic_data/synthetic_data/images/image_234.png,B,B,True
/users/student/pg/pg24/yash.sarang/GNR/GNR638-Group2-24M2152-24M2160-25D1598/Kaggle_Competition/synthetic_data/synthetic_data/images/image_235.png,A,B,False
/users/student/pg/pg24/yash.sarang/GNR/GNR638-Group2-24M2152-24M2160-25D1598/Kaggle_Competition/synthetic_data/synthetic_data/images/image_236.png,B,B,True
/users/student/pg/pg24/yash.sarang/GNR/GNR638-Group2-24M2152-24M2160-25D1598/Kaggle_Competition/synthetic_data/synthetic_data/images/image_237.png,B,B,True
/users/student/pg/pg24/yash.sarang/GNR/GNR638-Group2-24M2152-24M2160-25D1598/Kaggle_Competition/synthetic_data/synthetic_data/images/image_238.png,C,B,False
/users/student/pg/pg24/yash.sarang/GNR/GNR638-Group2-24M2152-24M2160-25D1598/Kaggle_Competition/synthetic_data/synthetic_data/images/image_239.png,B,B,True
/users/student/pg/pg24/yash.sarang/GNR/GNR638-Group2-24M2152-24M2160-25D1598/Kaggle_Competition/synthetic_data/synthetic_data/images/image_240.png,B,B,True
/users/student/pg/pg24/yash.sarang/GNR/GNR638-Group2-24M2152-24M2160-25D1598/Kaggle_Competition/synthetic_data/synthetic_data/images/image_241.png,C,B,False
/users/student/pg/pg24/yash.sarang/GNR/GNR638-Group2-24M2152-24M2160-25D1598/Kaggle_Competition/synthetic_data/synthetic_data/images/image_242.png,C,B,False
/users/student/pg/pg24/yash.sarang/GNR/GNR638-Group2-24M2152-24M2160-25D1598/Kaggle_Competition/synthetic_data/synthetic_data/images/image_243.png,B,B,True
/users/student/pg/pg24/yash.sarang/GNR/GNR638-Group2-24M2152-24M2160-25D1598/Kaggle_Competition/synthetic_data/synthetic_data/images/image_244.png,B,B,True
/users/student/pg/pg24/yash.sarang/GNR/GNR638-Group2-24M2152-24M2160-25D1598/Kaggle_Competition/synthetic_data/synthetic_data/images/image_245.png,B,B,True
/users/student/pg/pg24/yash.sarang/GNR/GNR638-Group2-24M2152-24M2160-25D1598/Kaggle_Competition/synthetic_data/synthetic_data/images/image_246.png,B,B,True
/users/student/pg/pg24/yash.sarang/GNR/GNR638-Group2-24M2152-24M2160-25D1598/Kaggle_Competition/synthetic_data/synthetic_data/images/image_247.png,B,B,True
/users/student/pg/pg24/yash.sarang/GNR/GNR638-Group2-24M2152-24M2160-25D1598/Kaggle_Competition/synthetic_data/synthetic_data/images/image_248.png,B,B,True
/users/student/pg/pg24/yash.sarang/GNR/GNR638-Group2-24M2152-24M2160-25D1598/Kaggle_Competition/synthetic_data/synthetic_data/images/image_249.png,D,B,False
/users/student/pg/pg24/yash.sarang/GNR/GNR638-Group2-24M2152-24M2160-25D1598/Kaggle_Competition/synthetic_data/synthetic_data/images/image_250.png,B,B,True
/users/student/pg/pg24/yash.sarang/GNR/GNR638-Group2-24M2152-24M2160-25D1598/Kaggle_Competition/synthetic_data/synthetic_data/images/image_251.png,C,C,True
/users/student/pg/pg24/yash.sarang/GNR/GNR638-Group2-24M2152-24M2160-25D1598/Kaggle_Competition/synthetic_data/synthetic_data/images/image_252.png,B,C,False
/users/student/pg/pg24/yash.sarang/GNR/GNR638-Group2-24M2152-24M2160-25D1598/Kaggle_Competition/synthetic_data/synthetic_data/images/image_253.png,C,C,True
/users/student/pg/pg24/yash.sarang/GNR/GNR638-Group2-24M2152-24M2160-25D1598/Kaggle_Competition/synthetic_data/synthetic_data/images/image_254.png,C,C,True
/users/student/pg/pg24/yash.sarang/GNR/GNR638-Group2-24M2152-24M2160-25D1598/Kaggle_Competition/synthetic_data/synthetic_data/images/image_255.png,C,C,True
/users/student/pg/pg24/yash.sarang/GNR/GNR638-Group2-24M2152-24M2160-25D1598/Kaggle_Competition/synthetic_data/synthetic_data/images/image_256.png,B,C,False
/users/student/pg/pg24/yash.sarang/GNR/GNR638-Group2-24M2152-24M2160-25D1598/Kaggle_Competition/synthetic_data/synthetic_data/images/image_257.png,C,C,True
/users/student/pg/pg24/yash.sarang/GNR/GNR638-Group2-24M2152-24M2160-25D1598/Kaggle_Competition/synthetic_data/synthetic_data/images/image_258.png,C,C,True
/users/student/pg/pg24/yash.sarang/GNR/GNR638-Group2-24M2152-24M2160-25D1598/Kaggle_Competition/synthetic_data/synthetic_data/images/image_259.png,C,C,True
/users/student/pg/pg24/yash.sarang/GNR/GNR638-Group2-24M2152-24M2160-25D1598/Kaggle_Competition/synthetic_data/synthetic_data/images/image_260.png,C,C,True
/users/student/pg/pg24/yash.sarang/GNR/GNR638-Group2-24M2152-24M2160-25D1598/Kaggle_Competition/synthetic_data/synthetic_data/images/image_261.png,C,C,True
/users/student/pg/pg24/yash.sarang/GNR/GNR638-Group2-24M2152-24M2160-25D1598/Kaggle_Competition/synthetic_data/synthetic_data/images/image_262.png,C,C,True
/users/student/pg/pg24/yash.sarang/GNR/GNR638-Group2-24M2152-24M2160-25D1598/Kaggle_Competition/synthetic_data/synthetic_data/images/image_263.png,C,C,True
/users/student/pg/pg24/yash.sarang/GNR/GNR638-Group2-24M2152-24M2160-25D1598/Kaggle_Competition/synthetic_data/synthetic_data/images/image_264.png,D,C,False
/users/student/pg/pg24/yash.sarang/GNR/GNR638-Group2-24M2152-24M2160-25D1598/Kaggle_Competition/synthetic_data/synthetic_data/images/image_265.png,C,C,True
/users/student/pg/pg24/yash.sarang/GNR/GNR638-Group2-24M2152-24M2160-25D1598/Kaggle_Competition/synthetic_data/synthetic_data/images/image_266.png,C,C,True
/users/student/pg/pg24/yash.sarang/GNR/GNR638-Group2-24M2152-24M2160-25D1598/Kaggle_Competition/synthetic_data/synthetic_data/images/image_267.png,C,C,True
/users/student/pg/pg24/yash.sarang/GNR/GNR638-Group2-24M2152-24M2160-25D1598/Kaggle_Competition/synthetic_data/synthetic_data/images/image_268.png,C,C,True
/users/student/pg/pg24/yash.sarang/GNR/GNR638-Group2-24M2152-24M2160-25D1598/Kaggle_Competition/synthetic_data/synthetic_data/images/image_269.png,C,C,True
/users/student/pg/pg24/yash.sarang/GNR/GNR638-Group2-24M2152-24M2160-25D1598/Kaggle_Competition/synthetic_data/synthetic_data/images/image_270.png,C,C,True
/users/student/pg/pg24/yash.sarang/GNR/GNR638-Group2-24M2152-24M2160-25D1598/Kaggle_Competition/synthetic_data/synthetic_data/images/image_271.png,C,C,True
/users/student/pg/pg24/yash.sarang/GNR/GNR638-Group2-24M2152-24M2160-25D1598/Kaggle_Competition/synthetic_data/synthetic_data/images/image_272.png,C,C,True
/users/student/pg/pg24/yash.sarang/GNR/GNR638-Group2-24M2152-24M2160-25D1598/Kaggle_Competition/synthetic_data/synthetic_data/images/image_273.png,C,C,True
/users/student/pg/pg24/yash.sarang/GNR/GNR638-Group2-24M2152-24M2160-25D1598/Kaggle_Competition/synthetic_data/synthetic_data/images/image_274.png,C,C,True
/users/student/pg/pg24/yash.sarang/GNR/GNR638-Group2-24M2152-24M2160-25D1598/Kaggle_Competition/synthetic_data/synthetic_data/images/image_275.png,C,C,True
/users/student/pg/pg24/yash.sarang/GNR/GNR638-Group2-24M2152-24M2160-25D1598/Kaggle_Competition/synthetic_data/synthetic_data/images/image_276.png,D,D,True
/users/student/pg/pg24/yash.sarang/GNR/GNR638-Group2-24M2152-24M2160-25D1598/Kaggle_Competition/synthetic_data/synthetic_data/images/image_277.png,A,D,False
/users/student/pg/pg24/yash.sarang/GNR/GNR638-Group2-24M2152-24M2160-25D1598/Kaggle_Competition/synthetic_data/synthetic_data/images/image_278.png,D,D,True
/users/student/pg/pg24/yash.sarang/GNR/GNR638-Group2-24M2152-24M2160-25D1598/Kaggle_Competition/synthetic_data/synthetic_data/images/image_279.png,D,D,True
/users/student/pg/pg24/yash.sarang/GNR/GNR638-Group2-24M2152-24M2160-25D1598/Kaggle_Competition/synthetic_data/synthetic_data/images/image_280.png,D,D,True
/users/student/pg/pg24/yash.sarang/GNR/GNR638-Group2-24M2152-24M2160-25D1598/Kaggle_Competition/synthetic_data/synthetic_data/images/image_281.png,D,D,True
/users/student/pg/pg24/yash.sarang/GNR/GNR638-Group2-24M2152-24M2160-25D1598/Kaggle_Competition/synthetic_data/synthetic_data/images/image_282.png,D,D,True
/users/student/pg/pg24/yash.sarang/GNR/GNR638-Group2-24M2152-24M2160-25D1598/Kaggle_Competition/synthetic_data/synthetic_data/images/image_283.png,D,D,True
/users/student/pg/pg24/yash.sarang/GNR/GNR638-Group2-24M2152-24M2160-25D1598/Kaggle_Competition/synthetic_data/synthetic_data/images/image_284.png,D,D,True
/users/student/pg/pg24/yash.sarang/GNR/GNR638-Group2-24M2152-24M2160-25D1598/Kaggle_Competition/synthetic_data/synthetic_data/images/image_285.png,D,D,True
/users/student/pg/pg24/yash.sarang/GNR/GNR638-Group2-24M2152-24M2160-25D1598/Kaggle_Competition/synthetic_data/synthetic_data/images/image_286.png,D,D,True
/users/student/pg/pg24/yash.sarang/GNR/GNR638-Group2-24M2152-24M2160-25D1598/Kaggle_Competition/synthetic_data/synthetic_data/images/image_287.png,D,D,True
/users/student/pg/pg24/yash.sarang/GNR/GNR638-Group2-24M2152-24M2160-25D1598/Kaggle_Competition/synthetic_data/synthetic_data/images/image_288.png,D,D,True
/users/student/pg/pg24/yash.sarang/GNR/GNR638-Group2-24M2152-24M2160-25D1598/Kaggle_Competition/synthetic_data/synthetic_data/images/image_289.png,D,D,True
/users/student/pg/pg24/yash.sarang/GNR/GNR638-Group2-24M2152-24M2160-25D1598/Kaggle_Competition/synthetic_data/synthetic_data/images/image_290.png,D,D,True
/users/student/pg/pg24/yash.sarang/GNR/GNR638-Group2-24M2152-24M2160-25D1598/Kaggle_Competition/synthetic_data/synthetic_data/images/image_291.png,D,D,True
/users/student/pg/pg24/yash.sarang/GNR/GNR638-Group2-24M2152-24M2160-25D1598/Kaggle_Competition/synthetic_data/synthetic_data/images/image_292.png,D,D,True
/users/student/pg/pg24/yash.sarang/GNR/GNR638-Group2-24M2152-24M2160-25D1598/Kaggle_Competition/synthetic_data/synthetic_data/images/image_293.png,D,D,True
/users/student/pg/pg24/yash.sarang/GNR/GNR638-Group2-24M2152-24M2160-25D1598/Kaggle_Competition/synthetic_data/synthetic_data/images/image_294.png,D,D,True
/users/student/pg/pg24/yash.sarang/GNR/GNR638-Group2-24M2152-24M2160-25D1598/Kaggle_Competition/synthetic_data/synthetic_data/images/image_295.png,D,D,True
/users/student/pg/pg24/yash.sarang/GNR/GNR638-Group2-24M2152-24M2160-25D1598/Kaggle_Competition/synthetic_data/synthetic_data/images/image_296.png,B,D,False
/users/student/pg/pg24/yash.sarang/GNR/GNR638-Group2-24M2152-24M2160-25D1598/Kaggle_Competition/synthetic_data/synthetic_data/images/image_297.png,A,D,False
/users/student/pg/pg24/yash.sarang/GNR/GNR638-Group2-24M2152-24M2160-25D1598/Kaggle_Competition/synthetic_data/synthetic_data/images/image_298.png,D,D,True
/users/student/pg/pg24/yash.sarang/GNR/GNR638-Group2-24M2152-24M2160-25D1598/Kaggle_Competition/synthetic_data/synthetic_data/images/image_299.png,D,D,True
/users/student/pg/pg24/yash.sarang/GNR/GNR638-Group2-24M2152-24M2160-25D1598/Kaggle_Competition/synthetic_data/synthetic_data/images/image_300.png,D,D,True
/users/student/pg/pg24/yash.sarang/GNR/GNR638-Group2-24M2152-24M2160-25D1598/Kaggle_Competition/synthetic_data/synthetic_data/images/image_301.png,A,A,True
/users/student/pg/pg24/yash.sarang/GNR/GNR638-Group2-24M2152-24M2160-25D1598/Kaggle_Competition/synthetic_data/synthetic_data/images/image_302.png,B,A,False
/users/student/pg/pg24/yash.sarang/GNR/GNR638-Group2-24M2152-24M2160-25D1598/Kaggle_Competition/synthetic_data/synthetic_data/images/image_303.png,B,A,False
/users/student/pg/pg24/yash.sarang/GNR/GNR638-Group2-24M2152-24M2160-25D1598/Kaggle_Competition/synthetic_data/synthetic_data/images/image_304.png,A,A,True
/users/student/pg/pg24/yash.sarang/GNR/GNR638-Group2-24M2152-24M2160-25D1598/Kaggle_Competition/synthetic_data/synthetic_data/images/image_305.png,A,A,True
/users/student/pg/pg24/yash.sarang/GNR/GNR638-Group2-24M2152-24M2160-25D1598/Kaggle_Competition/synthetic_data/synthetic_data/images/image_306.png,A,A,True
/users/student/pg/pg24/yash.sarang/GNR/GNR638-Group2-24M2152-24M2160-25D1598/Kaggle_Competition/synthetic_data/synthetic_data/images/image_307.png,A,A,True
/users/student/pg/pg24/yash.sarang/GNR/GNR638-Group2-24M2152-24M2160-25D1598/Kaggle_Competition/synthetic_data/synthetic_data/images/image_308.png,A,A,True
/users/student/pg/pg24/yash.sarang/GNR/GNR638-Group2-24M2152-24M2160-25D1598/Kaggle_Competition/synthetic_data/synthetic_data/images/image_309.png,A,A,True
/users/student/pg/pg24/yash.sarang/GNR/GNR638-Group2-24M2152-24M2160-25D1598/Kaggle_Competition/synthetic_data/synthetic_data/images/image_310.png,A,A,True
/users/student/pg/pg24/yash.sarang/GNR/GNR638-Group2-24M2152-24M2160-25D1598/Kaggle_Competition/synthetic_data/synthetic_data/images/image_311.png,A,A,True
/users/student/pg/pg24/yash.sarang/GNR/GNR638-Group2-24M2152-24M2160-25D1598/Kaggle_Competition/synthetic_data/synthetic_data/images/image_312.png,A,A,True
/users/student/pg/pg24/yash.sarang/GNR/GNR638-Group2-24M2152-24M2160-25D1598/Kaggle_Competition/synthetic_data/synthetic_data/images/image_313.png,A,A,True
/users/student/pg/pg24/yash.sarang/GNR/GNR638-Group2-24M2152-24M2160-25D1598/Kaggle_Competition/synthetic_data/synthetic_data/images/image_314.png,C,A,False
/users/student/pg/pg24/yash.sarang/GNR/GNR638-Group2-24M2152-24M2160-25D1598/Kaggle_Competition/synthetic_data/synthetic_data/images/image_315.png,A,A,True
/users/student/pg/pg24/yash.sarang/GNR/GNR638-Group2-24M2152-24M2160-25D1598/Kaggle_Competition/synthetic_data/synthetic_data/images/image_316.png,A,A,True
/users/student/pg/pg24/yash.sarang/GNR/GNR638-Group2-24M2152-24M2160-25D1598/Kaggle_Competition/synthetic_data/synthetic_data/images/image_317.png,A,A,True
/users/student/pg/pg24/yash.sarang/GNR/GNR638-Group2-24M2152-24M2160-25D1598/Kaggle_Competition/synthetic_data/synthetic_data/images/image_318.png,B,A,False
/users/student/pg/pg24/yash.sarang/GNR/GNR638-Group2-24M2152-24M2160-25D1598/Kaggle_Competition/synthetic_data/synthetic_data/images/image_319.png,A,A,True
/users/student/pg/pg24/yash.sarang/GNR/GNR638-Group2-24M2152-24M2160-25D1598/Kaggle_Competition/synthetic_data/synthetic_data/images/image_320.png,A,A,True
/users/student/pg/pg24/yash.sarang/GNR/GNR638-Group2-24M2152-24M2160-25D1598/Kaggle_Competition/synthetic_data/synthetic_data/images/image_321.png,A,A,True
/users/student/pg/pg24/yash.sarang/GNR/GNR638-Group2-24M2152-24M2160-25D1598/Kaggle_Competition/synthetic_data/synthetic_data/images/image_322.png,A,A,True
/users/student/pg/pg24/yash.sarang/GNR/GNR638-Group2-24M2152-24M2160-25D1598/Kaggle_Competition/synthetic_data/synthetic_data/images/image_323.png,A,A,True
/users/student/pg/pg24/yash.sarang/GNR/GNR638-Group2-24M2152-24M2160-25D1598/Kaggle_Competition/synthetic_data/synthetic_data/images/image_324.png,D,A,False
/users/student/pg/pg24/yash.sarang/GNR/GNR638-Group2-24M2152-24M2160-25D1598/Kaggle_Competition/synthetic_data/synthetic_data/images/image_325.png,A,A,True
/users/student/pg/pg24/yash.sarang/GNR/GNR638-Group2-24M2152-24M2160-25D1598/Kaggle_Competition/synthetic_data/synthetic_data/images/image_326.png,B,B,True
/users/student/pg/pg24/yash.sarang/GNR/GNR638-Group2-24M2152-24M2160-25D1598/Kaggle_Competition/synthetic_data/synthetic_data/images/image_327.png,B,B,True
/users/student/pg/pg24/yash.sarang/GNR/GNR638-Group2-24M2152-24M2160-25D1598/Kaggle_Competition/synthetic_data/synthetic_data/images/image_328.png,B,B,True
/users/student/pg/pg24/yash.sarang/GNR/GNR638-Group2-24M2152-24M2160-25D1598/Kaggle_Competition/synthetic_data/synthetic_data/images/image_329.png,B,B,True
/users/student/pg/pg24/yash.sarang/GNR/GNR638-Group2-24M2152-24M2160-25D1598/Kaggle_Competition/synthetic_data/synthetic_data/images/image_330.png,B,B,True
/users/student/pg/pg24/yash.sarang/GNR/GNR638-Group2-24M2152-24M2160-25D1598/Kaggle_Competition/synthetic_data/synthetic_data/images/image_331.png,A,B,False
/users/student/pg/pg24/yash.sarang/GNR/GNR638-Group2-24M2152-24M2160-25D1598/Kaggle_Competition/synthetic_data/synthetic_data/images/image_332.png,B,B,True
/users/student/pg/pg24/yash.sarang/GNR/GNR638-Group2-24M2152-24M2160-25D1598/Kaggle_Competition/synthetic_data/synthetic_data/images/image_333.png,B,B,True
/users/student/pg/pg24/yash.sarang/GNR/GNR638-Group2-24M2152-24M2160-25D1598/Kaggle_Competition/synthetic_data/synthetic_data/images/image_334.png,B,B,True
/users/student/pg/pg24/yash.sarang/GNR/GNR638-Group2-24M2152-24M2160-25D1598/Kaggle_Competition/synthetic_data/synthetic_data/images/image_335.png,B,B,True
/users/student/pg/pg24/yash.sarang/GNR/GNR638-Group2-24M2152-24M2160-25D1598/Kaggle_Competition/synthetic_data/synthetic_data/images/image_336.png,C,B,False
/users/student/pg/pg24/yash.sarang/GNR/GNR638-Group2-24M2152-24M2160-25D1598/Kaggle_Competition/synthetic_data/synthetic_data/images/image_337.png,B,B,True
/users/student/pg/pg24/yash.sarang/GNR/GNR638-Group2-24M2152-24M2160-25D1598/Kaggle_Competition/synthetic_data/synthetic_data/images/image_338.png,B,B,True
/users/student/pg/pg24/yash.sarang/GNR/GNR638-Group2-24M2152-24M2160-25D1598/Kaggle_Competition/synthetic_data/synthetic_data/images/image_339.png,B,B,True
/users/student/pg/pg24/yash.sarang/GNR/GNR638-Group2-24M2152-24M2160-25D1598/Kaggle_Competition/synthetic_data/synthetic_data/images/image_340.png,B,B,True
/users/student/pg/pg24/yash.sarang/GNR/GNR638-Group2-24M2152-24M2160-25D1598/Kaggle_Competition/synthetic_data/synthetic_data/images/image_341.png,A,B,False
/users/student/pg/pg24/yash.sarang/GNR/GNR638-Group2-24M2152-24M2160-25D1598/Kaggle_Competition/synthetic_data/synthetic_data/images/image_342.png,B,B,True
/users/student/pg/pg24/yash.sarang/GNR/GNR638-Group2-24M2152-24M2160-25D1598/Kaggle_Competition/synthetic_data/synthetic_data/images/image_343.png,B,B,True
/users/student/pg/pg24/yash.sarang/GNR/GNR638-Group2-24M2152-24M2160-25D1598/Kaggle_Competition/synthetic_data/synthetic_data/images/image_344.png,B,B,True
/users/student/pg/pg24/yash.sarang/GNR/GNR638-Group2-24M2152-24M2160-25D1598/Kaggle_Competition/synthetic_data/synthetic_data/images/image_345.png,B,B,True
/users/student/pg/pg24/yash.sarang/GNR/GNR638-Group2-24M2152-24M2160-25D1598/Kaggle_Competition/synthetic_data/synthetic_data/images/image_346.png,B,B,True
/users/student/pg/pg24/yash.sarang/GNR/GNR638-Group2-24M2152-24M2160-25D1598/Kaggle_Competition/synthetic_data/synthetic_data/images/image_347.png,B,B,True
/users/student/pg/pg24/yash.sarang/GNR/GNR638-Group2-24M2152-24M2160-25D1598/Kaggle_Competition/synthetic_data/synthetic_data/images/image_348.png,B,B,True
/users/student/pg/pg24/yash.sarang/GNR/GNR638-Group2-24M2152-24M2160-25D1598/Kaggle_Competition/synthetic_data/synthetic_data/images/image_349.png,B,B,True
/users/student/pg/pg24/yash.sarang/GNR/GNR638-Group2-24M2152-24M2160-25D1598/Kaggle_Competition/synthetic_data/synthetic_data/images/image_350.png,B,B,True
/users/student/pg/pg24/yash.sarang/GNR/GNR638-Group2-24M2152-24M2160-25D1598/Kaggle_Competition/synthetic_data/synthetic_data/images/image_351.png,C,C,True
/users/student/pg/pg24/yash.sarang/GNR/GNR638-Group2-24M2152-24M2160-25D1598/Kaggle_Competition/synthetic_data/synthetic_data/images/image_352.png,C,C,True
/users/student/pg/pg24/yash.sarang/GNR/GNR638-Group2-24M2152-24M2160-25D1598/Kaggle_Competition/synthetic_data/synthetic_data/images/image_353.png,C,C,True
/users/student/pg/pg24/yash.sarang/GNR/GNR638-Group2-24M2152-24M2160-25D1598/Kaggle_Competition/synthetic_data/synthetic_data/images/image_354.png,C,C,True
/users/student/pg/pg24/yash.sarang/GNR/GNR638-Group2-24M2152-24M2160-25D1598/Kaggle_Competition/synthetic_data/synthetic_data/images/image_355.png,C,C,True
/users/student/pg/pg24/yash.sarang/GNR/GNR638-Group2-24M2152-24M2160-25D1598/Kaggle_Competition/synthetic_data/synthetic_data/images/image_356.png,D,C,False
/users/student/pg/pg24/yash.sarang/GNR/GNR638-Group2-24M2152-24M2160-25D1598/Kaggle_Competition/synthetic_data/synthetic_data/images/image_357.png,C,C,True
/users/student/pg/pg24/yash.sarang/GNR/GNR638-Group2-24M2152-24M2160-25D1598/Kaggle_Competition/synthetic_data/synthetic_data/images/image_358.png,C,C,True
/users/student/pg/pg24/yash.sarang/GNR/GNR638-Group2-24M2152-24M2160-25D1598/Kaggle_Competition/synthetic_data/synthetic_data/images/image_359.png,C,C,True
/users/student/pg/pg24/yash.sarang/GNR/GNR638-Group2-24M2152-24M2160-25D1598/Kaggle_Competition/synthetic_data/synthetic_data/images/image_360.png,C,C,True
/users/student/pg/pg24/yash.sarang/GNR/GNR638-Group2-24M2152-24M2160-25D1598/Kaggle_Competition/synthetic_data/synthetic_data/images/image_361.png,C,C,True
/users/student/pg/pg24/yash.sarang/GNR/GNR638-Group2-24M2152-24M2160-25D1598/Kaggle_Competition/synthetic_data/synthetic_data/images/image_362.png,C,C,True
/users/student/pg/pg24/yash.sarang/GNR/GNR638-Group2-24M2152-24M2160-25D1598/Kaggle_Competition/synthetic_data/synthetic_data/images/image_363.png,C,C,True
/users/student/pg/pg24/yash.sarang/GNR/GNR638-Group2-24M2152-24M2160-25D1598/Kaggle_Competition/synthetic_data/synthetic_data/images/image_364.png,C,C,True
/users/student/pg/pg24/yash.sarang/GNR/GNR638-Group2-24M2152-24M2160-25D1598/Kaggle_Competition/synthetic_data/synthetic_data/images/image_365.png,C,C,True
/users/student/pg/pg24/yash.sarang/GNR/GNR638-Group2-24M2152-24M2160-25D1598/Kaggle_Competition/synthetic_data/synthetic_data/images/image_366.png,C,C,True
/users/student/pg/pg24/yash.sarang/GNR/GNR638-Group2-24M2152-24M2160-25D1598/Kaggle_Competition/synthetic_data/synthetic_data/images/image_367.png,C,C,True
/users/student/pg/pg24/yash.sarang/GNR/GNR638-Group2-24M2152-24M2160-25D1598/Kaggle_Competition/synthetic_data/synthetic_data/images/image_368.png,C,C,True
/users/student/pg/pg24/yash.sarang/GNR/GNR638-Group2-24M2152-24M2160-25D1598/Kaggle_Competition/synthetic_data/synthetic_data/images/image_369.png,A,C,False
/users/student/pg/pg24/yash.sarang/GNR/GNR638-Group2-24M2152-24M2160-25D1598/Kaggle_Competition/synthetic_data/synthetic_data/images/image_370.png,C,C,True
/users/student/pg/pg24/yash.sarang/GNR/GNR638-Group2-24M2152-24M2160-25D1598/Kaggle_Competition/synthetic_data/synthetic_data/images/image_371.png,C,C,True
/users/student/pg/pg24/yash.sarang/GNR/GNR638-Group2-24M2152-24M2160-25D1598/Kaggle_Competition/synthetic_data/synthetic_data/images/image_372.png,C,C,True
/users/student/pg/pg24/yash.sarang/GNR/GNR638-Group2-24M2152-24M2160-25D1598/Kaggle_Competition/synthetic_data/synthetic_data/images/image_373.png,C,C,True
/users/student/pg/pg24/yash.sarang/GNR/GNR638-Group2-24M2152-24M2160-25D1598/Kaggle_Competition/synthetic_data/synthetic_data/images/image_374.png,C,C,True
/users/student/pg/pg24/yash.sarang/GNR/GNR638-Group2-24M2152-24M2160-25D1598/Kaggle_Competition/synthetic_data/synthetic_data/images/image_375.png,C,C,True
/users/student/pg/pg24/yash.sarang/GNR/GNR638-Group2-24M2152-24M2160-25D1598/Kaggle_Competition/synthetic_data/synthetic_data/images/image_376.png,D,D,True
/users/student/pg/pg24/yash.sarang/GNR/GNR638-Group2-24M2152-24M2160-25D1598/Kaggle_Competition/synthetic_data/synthetic_data/images/image_377.png,D,D,True
/users/student/pg/pg24/yash.sarang/GNR/GNR638-Group2-24M2152-24M2160-25D1598/Kaggle_Competition/synthetic_data/synthetic_data/images/image_378.png,D,D,True
/users/student/pg/pg24/yash.sarang/GNR/GNR638-Group2-24M2152-24M2160-25D1598/Kaggle_Competition/synthetic_data/synthetic_data/images/image_379.png,D,D,True
/users/student/pg/pg24/yash.sarang/GNR/GNR638-Group2-24M2152-24M2160-25D1598/Kaggle_Competition/synthetic_data/synthetic_data/images/image_380.png,D,D,True
/users/student/pg/pg24/yash.sarang/GNR/GNR638-Group2-24M2152-24M2160-25D1598/Kaggle_Competition/synthetic_data/synthetic_data/images/image_381.png,D,D,True
/users/student/pg/pg24/yash.sarang/GNR/GNR638-Group2-24M2152-24M2160-25D1598/Kaggle_Competition/synthetic_data/synthetic_data/images/image_382.png,D,D,True
/users/student/pg/pg24/yash.sarang/GNR/GNR638-Group2-24M2152-24M2160-25D1598/Kaggle_Competition/synthetic_data/synthetic_data/images/image_383.png,D,D,True
/users/student/pg/pg24/yash.sarang/GNR/GNR638-Group2-24M2152-24M2160-25D1598/Kaggle_Competition/synthetic_data/synthetic_data/images/image_384.png,D,D,True
/users/student/pg/pg24/yash.sarang/GNR/GNR638-Group2-24M2152-24M2160-25D1598/Kaggle_Competition/synthetic_data/synthetic_data/images/image_385.png,D,D,True
/users/student/pg/pg24/yash.sarang/GNR/GNR638-Group2-24M2152-24M2160-25D1598/Kaggle_Competition/synthetic_data/synthetic_data/images/image_386.png,D,D,True
/users/student/pg/pg24/yash.sarang/GNR/GNR638-Group2-24M2152-24M2160-25D1598/Kaggle_Competition/synthetic_data/synthetic_data/images/image_387.png,D,D,True
/users/student/pg/pg24/yash.sarang/GNR/GNR638-Group2-24M2152-24M2160-25D1598/Kaggle_Competition/synthetic_data/synthetic_data/images/image_388.png,B,D,False
/users/student/pg/pg24/yash.sarang/GNR/GNR638-Group2-24M2152-24M2160-25D1598/Kaggle_Competition/synthetic_data/synthetic_data/images/image_389.png,D,D,True
/users/student/pg/pg24/yash.sarang/GNR/GNR638-Group2-24M2152-24M2160-25D1598/Kaggle_Competition/synthetic_data/synthetic_data/images/image_390.png,D,D,True
/users/student/pg/pg24/yash.sarang/GNR/GNR638-Group2-24M2152-24M2160-25D1598/Kaggle_Competition/synthetic_data/synthetic_data/images/image_391.png,D,D,True
/users/student/pg/pg24/yash.sarang/GNR/GNR638-Group2-24M2152-24M2160-25D1598/Kaggle_Competition/synthetic_data/synthetic_data/images/image_392.png,D,D,True
/users/student/pg/pg24/yash.sarang/GNR/GNR638-Group2-24M2152-24M2160-25D1598/Kaggle_Competition/synthetic_data/synthetic_data/images/image_393.png,D,D,True
/users/student/pg/pg24/yash.sarang/GNR/GNR638-Group2-24M2152-24M2160-25D1598/Kaggle_Competition/synthetic_data/synthetic_data/images/image_394.png,D,D,True
/users/student/pg/pg24/yash.sarang/GNR/GNR638-Group2-24M2152-24M2160-25D1598/Kaggle_Competition/synthetic_data/synthetic_data/images/image_395.png,A,D,False
/users/student/pg/pg24/yash.sarang/GNR/GNR638-Group2-24M2152-24M2160-25D1598/Kaggle_Competition/synthetic_data/synthetic_data/images/image_396.png,D,D,True
/users/student/pg/pg24/yash.sarang/GNR/GNR638-Group2-24M2152-24M2160-25D1598/Kaggle_Competition/synthetic_data/synthetic_data/images/image_397.png,D,D,True
/users/student/pg/pg24/yash.sarang/GNR/GNR638-Group2-24M2152-24M2160-25D1598/Kaggle_Competition/synthetic_data/synthetic_data/images/image_398.png,D,D,True
/users/student/pg/pg24/yash.sarang/GNR/GNR638-Group2-24M2152-24M2160-25D1598/Kaggle_Competition/synthetic_data/synthetic_data/images/image_399.png,D,D,True
/users/student/pg/pg24/yash.sarang/GNR/GNR638-Group2-24M2152-24M2160-25D1598/Kaggle_Competition/synthetic_data/synthetic_data/images/image_400.png,D,D,True
/users/student/pg/pg24/yash.sarang/GNR/GNR638-Group2-24M2152-24M2160-25D1598/Kaggle_Competition/synthetic_data/synthetic_data/images/image_401.png,A,A,True
/users/student/pg/pg24/yash.sarang/GNR/GNR638-Group2-24M2152-24M2160-25D1598/Kaggle_Competition/synthetic_data/synthetic_data/images/image_402.png,A,A,True
/users/student/pg/pg24/yash.sarang/GNR/GNR638-Group2-24M2152-24M2160-25D1598/Kaggle_Competition/synthetic_data/synthetic_data/images/image_403.png,A,A,True
/users/student/pg/pg24/yash.sarang/GNR/GNR638-Group2-24M2152-24M2160-25D1598/Kaggle_Competition/synthetic_data/synthetic_data/images/image_404.png,A,A,True
/users/student/pg/pg24/yash.sarang/GNR/GNR638-Group2-24M2152-24M2160-25D1598/Kaggle_Competition/synthetic_data/synthetic_data/images/image_405.png,A,A,True
/users/student/pg/pg24/yash.sarang/GNR/GNR638-Group2-24M2152-24M2160-25D1598/Kaggle_Competition/synthetic_data/synthetic_data/images/image_406.png,A,A,True
/users/student/pg/pg24/yash.sarang/GNR/GNR638-Group2-24M2152-24M2160-25D1598/Kaggle_Competition/synthetic_data/synthetic_data/images/image_407.png,A,A,True
/users/student/pg/pg24/yash.sarang/GNR/GNR638-Group2-24M2152-24M2160-25D1598/Kaggle_Competition/synthetic_data/synthetic_data/images/image_408.png,A,A,True
/users/student/pg/pg24/yash.sarang/GNR/GNR638-Group2-24M2152-24M2160-25D1598/Kaggle_Competition/synthetic_data/synthetic_data/images/image_409.png,A,A,True
/users/student/pg/pg24/yash.sarang/GNR/GNR638-Group2-24M2152-24M2160-25D1598/Kaggle_Competition/synthetic_data/synthetic_data/images/image_410.png,A,A,True
/users/student/pg/pg24/yash.sarang/GNR/GNR638-Group2-24M2152-24M2160-25D1598/Kaggle_Competition/synthetic_data/synthetic_data/images/image_411.png,A,A,True
/users/student/pg/pg24/yash.sarang/GNR/GNR638-Group2-24M2152-24M2160-25D1598/Kaggle_Competition/synthetic_data/synthetic_data/images/image_412.png,A,A,True
/users/student/pg/pg24/yash.sarang/GNR/GNR638-Group2-24M2152-24M2160-25D1598/Kaggle_Competition/synthetic_data/synthetic_data/images/image_413.png,A,A,True
/users/student/pg/pg24/yash.sarang/GNR/GNR638-Group2-24M2152-24M2160-25D1598/Kaggle_Competition/synthetic_data/synthetic_data/images/image_414.png,A,A,True
/users/student/pg/pg24/yash.sarang/GNR/GNR638-Group2-24M2152-24M2160-25D1598/Kaggle_Competition/synthetic_data/synthetic_data/images/image_415.png,A,A,True
/users/student/pg/pg24/yash.sarang/GNR/GNR638-Group2-24M2152-24M2160-25D1598/Kaggle_Competition/synthetic_data/synthetic_data/images/image_416.png,A,A,True
/users/student/pg/pg24/yash.sarang/GNR/GNR638-Group2-24M2152-24M2160-25D1598/Kaggle_Competition/synthetic_data/synthetic_data/images/image_417.png,A,A,True
/users/student/pg/pg24/yash.sarang/GNR/GNR638-Group2-24M2152-24M2160-25D1598/Kaggle_Competition/synthetic_data/synthetic_data/images/image_418.png,A,A,True
/users/student/pg/pg24/yash.sarang/GNR/GNR638-Group2-24M2152-24M2160-25D1598/Kaggle_Competition/synthetic_data/synthetic_data/images/image_419.png,A,A,True
/users/student/pg/pg24/yash.sarang/GNR/GNR638-Group2-24M2152-24M2160-25D1598/Kaggle_Competition/synthetic_data/synthetic_data/images/image_420.png,A,A,True
/users/student/pg/pg24/yash.sarang/GNR/GNR638-Group2-24M2152-24M2160-25D1598/Kaggle_Competition/synthetic_data/synthetic_data/images/image_421.png,A,A,True
/users/student/pg/pg24/yash.sarang/GNR/GNR638-Group2-24M2152-24M2160-25D1598/Kaggle_Competition/synthetic_data/synthetic_data/images/image_422.png,A,A,True
/users/student/pg/pg24/yash.sarang/GNR/GNR638-Group2-24M2152-24M2160-25D1598/Kaggle_Competition/synthetic_data/synthetic_data/images/image_423.png,A,A,True
/users/student/pg/pg24/yash.sarang/GNR/GNR638-Group2-24M2152-24M2160-25D1598/Kaggle_Competition/synthetic_data/synthetic_data/images/image_424.png,B,A,False
/users/student/pg/pg24/yash.sarang/GNR/GNR638-Group2-24M2152-24M2160-25D1598/Kaggle_Competition/synthetic_data/synthetic_data/images/image_425.png,A,A,True
/users/student/pg/pg24/yash.sarang/GNR/GNR638-Group2-24M2152-24M2160-25D1598/Kaggle_Competition/synthetic_data/synthetic_data/images/image_426.png,B,B,True
/users/student/pg/pg24/yash.sarang/GNR/GNR638-Group2-24M2152-24M2160-25D1598/Kaggle_Competition/synthetic_data/synthetic_data/images/image_427.png,B,B,True
/users/student/pg/pg24/yash.sarang/GNR/GNR638-Group2-24M2152-24M2160-25D1598/Kaggle_Competition/synthetic_data/synthetic_data/images/image_428.png,B,B,True
/users/student/pg/pg24/yash.sarang/GNR/GNR638-Group2-24M2152-24M2160-25D1598/Kaggle_Competition/synthetic_data/synthetic_data/images/image_429.png,B,B,True
/users/student/pg/pg24/yash.sarang/GNR/GNR638-Group2-24M2152-24M2160-25D1598/Kaggle_Competition/synthetic_data/synthetic_data/images/image_430.png,B,B,True
/users/student/pg/pg24/yash.sarang/GNR/GNR638-Group2-24M2152-24M2160-25D1598/Kaggle_Competition/synthetic_data/synthetic_data/images/image_431.png,B,B,True
/users/student/pg/pg24/yash.sarang/GNR/GNR638-Group2-24M2152-24M2160-25D1598/Kaggle_Competition/synthetic_data/synthetic_data/images/image_432.png,A,B,False
/users/student/pg/pg24/yash.sarang/GNR/GNR638-Group2-24M2152-24M2160-25D1598/Kaggle_Competition/synthetic_data/synthetic_data/images/image_433.png,B,B,True
/users/student/pg/pg24/yash.sarang/GNR/GNR638-Group2-24M2152-24M2160-25D1598/Kaggle_Competition/synthetic_data/synthetic_data/images/image_434.png,B,B,True
/users/student/pg/pg24/yash.sarang/GNR/GNR638-Group2-24M2152-24M2160-25D1598/Kaggle_Competition/synthetic_data/synthetic_data/images/image_435.png,B,B,True
/users/student/pg/pg24/yash.sarang/GNR/GNR638-Group2-24M2152-24M2160-25D1598/Kaggle_Competition/synthetic_data/synthetic_data/images/image_436.png,B,B,True
/users/student/pg/pg24/yash.sarang/GNR/GNR638-Group2-24M2152-24M2160-25D1598/Kaggle_Competition/synthetic_data/synthetic_data/images/image_437.png,B,B,True
/users/student/pg/pg24/yash.sarang/GNR/GNR638-Group2-24M2152-24M2160-25D1598/Kaggle_Competition/synthetic_data/synthetic_data/images/image_438.png,B,B,True
/users/student/pg/pg24/yash.sarang/GNR/GNR638-Group2-24M2152-24M2160-25D1598/Kaggle_Competition/synthetic_data/synthetic_data/images/image_439.png,B,B,True
/users/student/pg/pg24/yash.sarang/GNR/GNR638-Group2-24M2152-24M2160-25D1598/Kaggle_Competition/synthetic_data/synthetic_data/images/image_440.png,A,B,False
/users/student/pg/pg24/yash.sarang/GNR/GNR638-Group2-24M2152-24M2160-25D1598/Kaggle_Competition/synthetic_data/synthetic_data/images/image_441.png,B,B,True
/users/student/pg/pg24/yash.sarang/GNR/GNR638-Group2-24M2152-24M2160-25D1598/Kaggle_Competition/synthetic_data/synthetic_data/images/image_442.png,B,B,True
/users/student/pg/pg24/yash.sarang/GNR/GNR638-Group2-24M2152-24M2160-25D1598/Kaggle_Competition/synthetic_data/synthetic_data/images/image_443.png,C,B,False
/users/student/pg/pg24/yash.sarang/GNR/GNR638-Group2-24M2152-24M2160-25D1598/Kaggle_Competition/synthetic_data/synthetic_data/images/image_444.png,B,B,True
/users/student/pg/pg24/yash.sarang/GNR/GNR638-Group2-24M2152-24M2160-25D1598/Kaggle_Competition/synthetic_data/synthetic_data/images/image_445.png,B,B,True
/users/student/pg/pg24/yash.sarang/GNR/GNR638-Group2-24M2152-24M2160-25D1598/Kaggle_Competition/synthetic_data/synthetic_data/images/image_446.png,C,B,False
/users/student/pg/pg24/yash.sarang/GNR/GNR638-Group2-24M2152-24M2160-25D1598/Kaggle_Competition/synthetic_data/synthetic_data/images/image_447.png,B,B,True
/users/student/pg/pg24/yash.sarang/GNR/GNR638-Group2-24M2152-24M2160-25D1598/Kaggle_Competition/synthetic_data/synthetic_data/images/image_448.png,B,B,True
/users/student/pg/pg24/yash.sarang/GNR/GNR638-Group2-24M2152-24M2160-25D1598/Kaggle_Competition/synthetic_data/synthetic_data/images/image_449.png,B,B,True
/users/student/pg/pg24/yash.sarang/GNR/GNR638-Group2-24M2152-24M2160-25D1598/Kaggle_Competition/synthetic_data/synthetic_data/images/image_450.png,B,B,True
/users/student/pg/pg24/yash.sarang/GNR/GNR638-Group2-24M2152-24M2160-25D1598/Kaggle_Competition/synthetic_data/synthetic_data/images/image_451.png,C,C,True
/users/student/pg/pg24/yash.sarang/GNR/GNR638-Group2-24M2152-24M2160-25D1598/Kaggle_Competition/synthetic_data/synthetic_data/images/image_452.png,C,C,True
/users/student/pg/pg24/yash.sarang/GNR/GNR638-Group2-24M2152-24M2160-25D1598/Kaggle_Competition/synthetic_data/synthetic_data/images/image_453.png,C,C,True
/users/student/pg/pg24/yash.sarang/GNR/GNR638-Group2-24M2152-24M2160-25D1598/Kaggle_Competition/synthetic_data/synthetic_data/images/image_454.png,C,C,True
/users/student/pg/pg24/yash.sarang/GNR/GNR638-Group2-24M2152-24M2160-25D1598/Kaggle_Competition/synthetic_data/synthetic_data/images/image_455.png,C,C,True
/users/student/pg/pg24/yash.sarang/GNR/GNR638-Group2-24M2152-24M2160-25D1598/Kaggle_Competition/synthetic_data/synthetic_data/images/image_456.png,C,C,True
/users/student/pg/pg24/yash.sarang/GNR/GNR638-Group2-24M2152-24M2160-25D1598/Kaggle_Competition/synthetic_data/synthetic_data/images/image_457.png,C,C,True
/users/student/pg/pg24/yash.sarang/GNR/GNR638-Group2-24M2152-24M2160-25D1598/Kaggle_Competition/synthetic_data/synthetic_data/images/image_458.png,C,C,True
/users/student/pg/pg24/yash.sarang/GNR/GNR638-Group2-24M2152-24M2160-25D1598/Kaggle_Competition/synthetic_data/synthetic_data/images/image_459.png,C,C,True
/users/student/pg/pg24/yash.sarang/GNR/GNR638-Group2-24M2152-24M2160-25D1598/Kaggle_Competition/synthetic_data/synthetic_data/images/image_460.png,C,C,True
/users/student/pg/pg24/yash.sarang/GNR/GNR638-Group2-24M2152-24M2160-25D1598/Kaggle_Competition/synthetic_data/synthetic_data/images/image_461.png,C,C,True
/users/student/pg/pg24/yash.sarang/GNR/GNR638-Group2-24M2152-24M2160-25D1598/Kaggle_Competition/synthetic_data/synthetic_data/images/image_462.png,C,C,True
/users/student/pg/pg24/yash.sarang/GNR/GNR638-Group2-24M2152-24M2160-25D1598/Kaggle_Competition/synthetic_data/synthetic_data/images/image_463.png,C,C,True
/users/student/pg/pg24/yash.sarang/GNR/GNR638-Group2-24M2152-24M2160-25D1598/Kaggle_Competition/synthetic_data/synthetic_data/images/image_464.png,C,C,True
/users/student/pg/pg24/yash.sarang/GNR/GNR638-Group2-24M2152-24M2160-25D1598/Kaggle_Competition/synthetic_data/synthetic_data/images/image_465.png,C,C,True
/users/student/pg/pg24/yash.sarang/GNR/GNR638-Group2-24M2152-24M2160-25D1598/Kaggle_Competition/synthetic_data/synthetic_data/images/image_466.png,C,C,True
/users/student/pg/pg24/yash.sarang/GNR/GNR638-Group2-24M2152-24M2160-25D1598/Kaggle_Competition/synthetic_data/synthetic_data/images/image_467.png,A,C,False
/users/student/pg/pg24/yash.sarang/GNR/GNR638-Group2-24M2152-24M2160-25D1598/Kaggle_Competition/synthetic_data/synthetic_data/images/image_468.png,C,C,True
/users/student/pg/pg24/yash.sarang/GNR/GNR638-Group2-24M2152-24M2160-25D1598/Kaggle_Competition/synthetic_data/synthetic_data/images/image_469.png,C,C,True
/users/student/pg/pg24/yash.sarang/GNR/GNR638-Group2-24M2152-24M2160-25D1598/Kaggle_Competition/synthetic_data/synthetic_data/images/image_470.png,B,C,False
/users/student/pg/pg24/yash.sarang/GNR/GNR638-Group2-24M2152-24M2160-25D1598/Kaggle_Competition/synthetic_data/synthetic_data/images/image_471.png,C,C,True
/users/student/pg/pg24/yash.sarang/GNR/GNR638-Group2-24M2152-24M2160-25D1598/Kaggle_Competition/synthetic_data/synthetic_data/images/image_472.png,C,C,True
/users/student/pg/pg24/yash.sarang/GNR/GNR638-Group2-24M2152-24M2160-25D1598/Kaggle_Competition/synthetic_data/synthetic_data/images/image_473.png,C,C,True
/users/student/pg/pg24/yash.sarang/GNR/GNR638-Group2-24M2152-24M2160-25D1598/Kaggle_Competition/synthetic_data/synthetic_data/images/image_474.png,C,C,True
/users/student/pg/pg24/yash.sarang/GNR/GNR638-Group2-24M2152-24M2160-25D1598/Kaggle_Competition/synthetic_data/synthetic_data/images/image_475.png,C,C,True
/users/student/pg/pg24/yash.sarang/GNR/GNR638-Group2-24M2152-24M2160-25D1598/Kaggle_Competition/synthetic_data/synthetic_data/images/image_476.png,D,D,True
/users/student/pg/pg24/yash.sarang/GNR/GNR638-Group2-24M2152-24M2160-25D1598/Kaggle_Competition/synthetic_data/synthetic_data/images/image_477.png,D,D,True
/users/student/pg/pg24/yash.sarang/GNR/GNR638-Group2-24M2152-24M2160-25D1598/Kaggle_Competition/synthetic_data/synthetic_data/images/image_478.png,D,D,True
/users/student/pg/pg24/yash.sarang/GNR/GNR638-Group2-24M2152-24M2160-25D1598/Kaggle_Competition/synthetic_data/synthetic_data/images/image_479.png,D,D,True
/users/student/pg/pg24/yash.sarang/GNR/GNR638-Group2-24M2152-24M2160-25D1598/Kaggle_Competition/synthetic_data/synthetic_data/images/image_480.png,D,D,True
/users/student/pg/pg24/yash.sarang/GNR/GNR638-Group2-24M2152-24M2160-25D1598/Kaggle_Competition/synthetic_data/synthetic_data/images/image_481.png,D,D,True
/users/student/pg/pg24/yash.sarang/GNR/GNR638-Group2-24M2152-24M2160-25D1598/Kaggle_Competition/synthetic_data/synthetic_data/images/image_482.png,D,D,True
/users/student/pg/pg24/yash.sarang/GNR/GNR638-Group2-24M2152-24M2160-25D1598/Kaggle_Competition/synthetic_data/synthetic_data/images/image_483.png,D,D,True
/users/student/pg/pg24/yash.sarang/GNR/GNR638-Group2-24M2152-24M2160-25D1598/Kaggle_Competition/synthetic_data/synthetic_data/images/image_484.png,D,D,True
/users/student/pg/pg24/yash.sarang/GNR/GNR638-Group2-24M2152-24M2160-25D1598/Kaggle_Competition/synthetic_data/synthetic_data/images/image_485.png,D,D,True
/users/student/pg/pg24/yash.sarang/GNR/GNR638-Group2-24M2152-24M2160-25D1598/Kaggle_Competition/synthetic_data/synthetic_data/images/image_486.png,D,D,True
/users/student/pg/pg24/yash.sarang/GNR/GNR638-Group2-24M2152-24M2160-25D1598/Kaggle_Competition/synthetic_data/synthetic_data/images/image_487.png,D,D,True
/users/student/pg/pg24/yash.sarang/GNR/GNR638-Group2-24M2152-24M2160-25D1598/Kaggle_Competition/synthetic_data/synthetic_data/images/image_488.png,D,D,True
/users/student/pg/pg24/yash.sarang/GNR/GNR638-Group2-24M2152-24M2160-25D1598/Kaggle_Competition/synthetic_data/synthetic_data/images/image_489.png,D,D,True
/users/student/pg/pg24/yash.sarang/GNR/GNR638-Group2-24M2152-24M2160-25D1598/Kaggle_Competition/synthetic_data/synthetic_data/images/image_490.png,D,D,True
/users/student/pg/pg24/yash.sarang/GNR/GNR638-Group2-24M2152-24M2160-25D1598/Kaggle_Competition/synthetic_data/synthetic_data/images/image_491.png,D,D,True
/users/student/pg/pg24/yash.sarang/GNR/GNR638-Group2-24M2152-24M2160-25D1598/Kaggle_Competition/synthetic_data/synthetic_data/images/image_492.png,D,D,True
/users/student/pg/pg24/yash.sarang/GNR/GNR638-Group2-24M2152-24M2160-25D1598/Kaggle_Competition/synthetic_data/synthetic_data/images/image_493.png,D,D,True
/users/student/pg/pg24/yash.sarang/GNR/GNR638-Group2-24M2152-24M2160-25D1598/Kaggle_Competition/synthetic_data/synthetic_data/images/image_494.png,C,D,False
/users/student/pg/pg24/yash.sarang/GNR/GNR638-Group2-24M2152-24M2160-25D1598/Kaggle_Competition/synthetic_data/synthetic_data/images/image_495.png,D,D,True
/users/student/pg/pg24/yash.sarang/GNR/GNR638-Group2-24M2152-24M2160-25D1598/Kaggle_Competition/synthetic_data/synthetic_data/images/image_496.png,D,D,True
/users/student/pg/pg24/yash.sarang/GNR/GNR638-Group2-24M2152-24M2160-25D1598/Kaggle_Competition/synthetic_data/synthetic_data/images/image_497.png,D,D,True
/users/student/pg/pg24/yash.sarang/GNR/GNR638-Group2-24M2152-24M2160-25D1598/Kaggle_Competition/synthetic_data/synthetic_data/images/image_498.png,B,D,False
/users/student/pg/pg24/yash.sarang/GNR/GNR638-Group2-24M2152-24M2160-25D1598/Kaggle_Competition/synthetic_data/synthetic_data/images/image_499.png,A,D,False
/users/student/pg/pg24/yash.sarang/GNR/GNR638-Group2-24M2152-24M2160-25D1598/Kaggle_Competition/synthetic_data/synthetic_data/images/image_500.png,D,D,True
/users/student/pg/pg24/yash.sarang/GNR/GNR638-Group2-24M2152-24M2160-25D1598/Kaggle_Competition/synthetic_data/synthetic_data/images/image_501.png,A,A,True
/users/student/pg/pg24/yash.sarang/GNR/GNR638-Group2-24M2152-24M2160-25D1598/Kaggle_Competition/synthetic_data/synthetic_data/images/image_502.png,A,A,True
/users/student/pg/pg24/yash.sarang/GNR/GNR638-Group2-24M2152-24M2160-25D1598/Kaggle_Competition/synthetic_data/synthetic_data/images/image_503.png,A,A,True
/users/student/pg/pg24/yash.sarang/GNR/GNR638-Group2-24M2152-24M2160-25D1598/Kaggle_Competition/synthetic_data/synthetic_data/images/image_504.png,A,A,True
/users/student/pg/pg24/yash.sarang/GNR/GNR638-Group2-24M2152-24M2160-25D1598/Kaggle_Competition/synthetic_data/synthetic_data/images/image_505.png,A,A,True
/users/student/pg/pg24/yash.sarang/GNR/GNR638-Group2-24M2152-24M2160-25D1598/Kaggle_Competition/synthetic_data/synthetic_data/images/image_506.png,A,A,True
/users/student/pg/pg24/yash.sarang/GNR/GNR638-Group2-24M2152-24M2160-25D1598/Kaggle_Competition/synthetic_data/synthetic_data/images/image_507.png,A,A,True
/users/student/pg/pg24/yash.sarang/GNR/GNR638-Group2-24M2152-24M2160-25D1598/Kaggle_Competition/synthetic_data/synthetic_data/images/image_508.png,A,A,True
/users/student/pg/pg24/yash.sarang/GNR/GNR638-Group2-24M2152-24M2160-25D1598/Kaggle_Competition/synthetic_data/synthetic_data/images/image_509.png,A,A,True
/users/student/pg/pg24/yash.sarang/GNR/GNR638-Group2-24M2152-24M2160-25D1598/Kaggle_Competition/synthetic_data/synthetic_data/images/image_510.png,A,A,True
/users/student/pg/pg24/yash.sarang/GNR/GNR638-Group2-24M2152-24M2160-25D1598/Kaggle_Competition/synthetic_data/synthetic_data/images/image_511.png,B,A,False
/users/student/pg/pg24/yash.sarang/GNR/GNR638-Group2-24M2152-24M2160-25D1598/Kaggle_Competition/synthetic_data/synthetic_data/images/image_512.png,A,A,True
/users/student/pg/pg24/yash.sarang/GNR/GNR638-Group2-24M2152-24M2160-25D1598/Kaggle_Competition/synthetic_data/synthetic_data/images/image_513.png,A,A,True
/users/student/pg/pg24/yash.sarang/GNR/GNR638-Group2-24M2152-24M2160-25D1598/Kaggle_Competition/synthetic_data/synthetic_data/images/image_514.png,A,A,True
/users/student/pg/pg24/yash.sarang/GNR/GNR638-Group2-24M2152-24M2160-25D1598/Kaggle_Competition/synthetic_data/synthetic_data/images/image_515.png,A,A,True
/users/student/pg/pg24/yash.sarang/GNR/GNR638-Group2-24M2152-24M2160-25D1598/Kaggle_Competition/synthetic_data/synthetic_data/images/image_516.png,B,A,False
/users/student/pg/pg24/yash.sarang/GNR/GNR638-Group2-24M2152-24M2160-25D1598/Kaggle_Competition/synthetic_data/synthetic_data/images/image_517.png,A,A,True
/users/student/pg/pg24/yash.sarang/GNR/GNR638-Group2-24M2152-24M2160-25D1598/Kaggle_Competition/synthetic_data/synthetic_data/images/image_518.png,A,A,True
/users/student/pg/pg24/yash.sarang/GNR/GNR638-Group2-24M2152-24M2160-25D1598/Kaggle_Competition/synthetic_data/synthetic_data/images/image_519.png,A,A,True
/users/student/pg/pg24/yash.sarang/GNR/GNR638-Group2-24M2152-24M2160-25D1598/Kaggle_Competition/synthetic_data/synthetic_data/images/image_520.png,C,A,False
/users/student/pg/pg24/yash.sarang/GNR/GNR638-Group2-24M2152-24M2160-25D1598/Kaggle_Competition/synthetic_data/synthetic_data/images/image_521.png,A,A,True
/users/student/pg/pg24/yash.sarang/GNR/GNR638-Group2-24M2152-24M2160-25D1598/Kaggle_Competition/synthetic_data/synthetic_data/images/image_522.png,A,A,True
/users/student/pg/pg24/yash.sarang/GNR/GNR638-Group2-24M2152-24M2160-25D1598/Kaggle_Competition/synthetic_data/synthetic_data/images/image_523.png,A,A,True
/users/student/pg/pg24/yash.sarang/GNR/GNR638-Group2-24M2152-24M2160-25D1598/Kaggle_Competition/synthetic_data/synthetic_data/images/image_524.png,A,A,True
/users/student/pg/pg24/yash.sarang/GNR/GNR638-Group2-24M2152-24M2160-25D1598/Kaggle_Competition/synthetic_data/synthetic_data/images/image_525.png,A,A,True
/users/student/pg/pg24/yash.sarang/GNR/GNR638-Group2-24M2152-24M2160-25D1598/Kaggle_Competition/synthetic_data/synthetic_data/images/image_526.png,B,B,True
/users/student/pg/pg24/yash.sarang/GNR/GNR638-Group2-24M2152-24M2160-25D1598/Kaggle_Competition/synthetic_data/synthetic_data/images/image_527.png,B,B,True
/users/student/pg/pg24/yash.sarang/GNR/GNR638-Group2-24M2152-24M2160-25D1598/Kaggle_Competition/synthetic_data/synthetic_data/images/image_528.png,B,B,True
/users/student/pg/pg24/yash.sarang/GNR/GNR638-Group2-24M2152-24M2160-25D1598/Kaggle_Competition/synthetic_data/synthetic_data/images/image_529.png,B,B,True
/users/student/pg/pg24/yash.sarang/GNR/GNR638-Group2-24M2152-24M2160-25D1598/Kaggle_Competition/synthetic_data/synthetic_data/images/image_530.png,B,B,True
/users/student/pg/pg24/yash.sarang/GNR/GNR638-Group2-24M2152-24M2160-25D1598/Kaggle_Competition/synthetic_data/synthetic_data/images/image_531.png,B,B,True
/users/student/pg/pg24/yash.sarang/GNR/GNR638-Group2-24M2152-24M2160-25D1598/Kaggle_Competition/synthetic_data/synthetic_data/images/image_532.png,B,B,True
/users/student/pg/pg24/yash.sarang/GNR/GNR638-Group2-24M2152-24M2160-25D1598/Kaggle_Competition/synthetic_data/synthetic_data/images/image_533.png,B,B,True
/users/student/pg/pg24/yash.sarang/GNR/GNR638-Group2-24M2152-24M2160-25D1598/Kaggle_Competition/synthetic_data/synthetic_data/images/image_534.png,B,B,True
/users/student/pg/pg24/yash.sarang/GNR/GNR638-Group2-24M2152-24M2160-25D1598/Kaggle_Competition/synthetic_data/synthetic_data/images/image_535.png,B,B,True
/users/student/pg/pg24/yash.sarang/GNR/GNR638-Group2-24M2152-24M2160-25D1598/Kaggle_Competition/synthetic_data/synthetic_data/images/image_536.png,B,B,True
/users/student/pg/pg24/yash.sarang/GNR/GNR638-Group2-24M2152-24M2160-25D1598/Kaggle_Competition/synthetic_data/synthetic_data/images/image_537.png,B,B,True
/users/student/pg/pg24/yash.sarang/GNR/GNR638-Group2-24M2152-24M2160-25D1598/Kaggle_Competition/synthetic_data/synthetic_data/images/image_538.png,B,B,True
/users/student/pg/pg24/yash.sarang/GNR/GNR638-Group2-24M2152-24M2160-25D1598/Kaggle_Competition/synthetic_data/synthetic_data/images/image_539.png,A,B,False
/users/student/pg/pg24/yash.sarang/GNR/GNR638-Group2-24M2152-24M2160-25D1598/Kaggle_Competition/synthetic_data/synthetic_data/images/image_540.png,B,B,True
/users/student/pg/pg24/yash.sarang/GNR/GNR638-Group2-24M2152-24M2160-25D1598/Kaggle_Competition/synthetic_data/synthetic_data/images/image_541.png,C,B,False
/users/student/pg/pg24/yash.sarang/GNR/GNR638-Group2-24M2152-24M2160-25D1598/Kaggle_Competition/synthetic_data/synthetic_data/images/image_542.png,C,B,False
/users/student/pg/pg24/yash.sarang/GNR/GNR638-Group2-24M2152-24M2160-25D1598/Kaggle_Competition/synthetic_data/synthetic_data/images/image_543.png,A,B,False
/users/student/pg/pg24/yash.sarang/GNR/GNR638-Group2-24M2152-24M2160-25D1598/Kaggle_Competition/synthetic_data/synthetic_data/images/image_544.png,B,B,True
/users/student/pg/pg24/yash.sarang/GNR/GNR638-Group2-24M2152-24M2160-25D1598/Kaggle_Competition/synthetic_data/synthetic_data/images/image_545.png,B,B,True
/users/student/pg/pg24/yash.sarang/GNR/GNR638-Group2-24M2152-24M2160-25D1598/Kaggle_Competition/synthetic_data/synthetic_data/images/image_546.png,B,B,True
/users/student/pg/pg24/yash.sarang/GNR/GNR638-Group2-24M2152-24M2160-25D1598/Kaggle_Competition/synthetic_data/synthetic_data/images/image_547.png,A,B,False
/users/student/pg/pg24/yash.sarang/GNR/GNR638-Group2-24M2152-24M2160-25D1598/Kaggle_Competition/synthetic_data/synthetic_data/images/image_548.png,B,B,True
/users/student/pg/pg24/yash.sarang/GNR/GNR638-Group2-24M2152-24M2160-25D1598/Kaggle_Competition/synthetic_data/synthetic_data/images/image_549.png,B,B,True
/users/student/pg/pg24/yash.sarang/GNR/GNR638-Group2-24M2152-24M2160-25D1598/Kaggle_Competition/synthetic_data/synthetic_data/images/image_550.png,B,B,True
/users/student/pg/pg24/yash.sarang/GNR/GNR638-Group2-24M2152-24M2160-25D1598/Kaggle_Competition/synthetic_data/synthetic_data/images/image_551.png,B,C,False
/users/student/pg/pg24/yash.sarang/GNR/GNR638-Group2-24M2152-24M2160-25D1598/Kaggle_Competition/synthetic_data/synthetic_data/images/image_552.png,C,C,True
/users/student/pg/pg24/yash.sarang/GNR/GNR638-Group2-24M2152-24M2160-25D1598/Kaggle_Competition/synthetic_data/synthetic_data/images/image_553.png,C,C,True
/users/student/pg/pg24/yash.sarang/GNR/GNR638-Group2-24M2152-24M2160-25D1598/Kaggle_Competition/synthetic_data/synthetic_data/images/image_554.png,C,C,True
/users/student/pg/pg24/yash.sarang/GNR/GNR638-Group2-24M2152-24M2160-25D1598/Kaggle_Competition/synthetic_data/synthetic_data/images/image_555.png,C,C,True
/users/student/pg/pg24/yash.sarang/GNR/GNR638-Group2-24M2152-24M2160-25D1598/Kaggle_Competition/synthetic_data/synthetic_data/images/image_556.png,C,C,True
/users/student/pg/pg24/yash.sarang/GNR/GNR638-Group2-24M2152-24M2160-25D1598/Kaggle_Competition/synthetic_data/synthetic_data/images/image_557.png,D,C,False
/users/student/pg/pg24/yash.sarang/GNR/GNR638-Group2-24M2152-24M2160-25D1598/Kaggle_Competition/synthetic_data/synthetic_data/images/image_558.png,C,C,True
/users/student/pg/pg24/yash.sarang/GNR/GNR638-Group2-24M2152-24M2160-25D1598/Kaggle_Competition/synthetic_data/synthetic_data/images/image_559.png,C,C,True
/users/student/pg/pg24/yash.sarang/GNR/GNR638-Group2-24M2152-24M2160-25D1598/Kaggle_Competition/synthetic_data/synthetic_data/images/image_560.png,C,C,True
/users/student/pg/pg24/yash.sarang/GNR/GNR638-Group2-24M2152-24M2160-25D1598/Kaggle_Competition/synthetic_data/synthetic_data/images/image_561.png,C,C,True
/users/student/pg/pg24/yash.sarang/GNR/GNR638-Group2-24M2152-24M2160-25D1598/Kaggle_Competition/synthetic_data/synthetic_data/images/image_562.png,C,C,True
/users/student/pg/pg24/yash.sarang/GNR/GNR638-Group2-24M2152-24M2160-25D1598/Kaggle_Competition/synthetic_data/synthetic_data/images/image_563.png,C,C,True
/users/student/pg/pg24/yash.sarang/GNR/GNR638-Group2-24M2152-24M2160-25D1598/Kaggle_Competition/synthetic_data/synthetic_data/images/image_564.png,C,C,True
/users/student/pg/pg24/yash.sarang/GNR/GNR638-Group2-24M2152-24M2160-25D1598/Kaggle_Competition/synthetic_data/synthetic_data/images/image_565.png,C,C,True
/users/student/pg/pg24/yash.sarang/GNR/GNR638-Group2-24M2152-24M2160-25D1598/Kaggle_Competition/synthetic_data/synthetic_data/images/image_566.png,C,C,True
/users/student/pg/pg24/yash.sarang/GNR/GNR638-Group2-24M2152-24M2160-25D1598/Kaggle_Competition/synthetic_data/synthetic_data/images/image_567.png,C,C,True
/users/student/pg/pg24/yash.sarang/GNR/GNR638-Group2-24M2152-24M2160-25D1598/Kaggle_Competition/synthetic_data/synthetic_data/images/image_568.png,C,C,True
/users/student/pg/pg24/yash.sarang/GNR/GNR638-Group2-24M2152-24M2160-25D1598/Kaggle_Competition/synthetic_data/synthetic_data/images/image_569.png,C,C,True
/users/student/pg/pg24/yash.sarang/GNR/GNR638-Group2-24M2152-24M2160-25D1598/Kaggle_Competition/synthetic_data/synthetic_data/images/image_570.png,C,C,True
/users/student/pg/pg24/yash.sarang/GNR/GNR638-Group2-24M2152-24M2160-25D1598/Kaggle_Competition/synthetic_data/synthetic_data/images/image_571.png,C,C,True
/users/student/pg/pg24/yash.sarang/GNR/GNR638-Group2-24M2152-24M2160-25D1598/Kaggle_Competition/synthetic_data/synthetic_data/images/image_572.png,C,C,True
/users/student/pg/pg24/yash.sarang/GNR/GNR638-Group2-24M2152-24M2160-25D1598/Kaggle_Competition/synthetic_data/synthetic_data/images/image_573.png,C,C,True
/users/student/pg/pg24/yash.sarang/GNR/GNR638-Group2-24M2152-24M2160-25D1598/Kaggle_Competition/synthetic_data/synthetic_data/images/image_574.png,C,C,True
/users/student/pg/pg24/yash.sarang/GNR/GNR638-Group2-24M2152-24M2160-25D1598/Kaggle_Competition/synthetic_data/synthetic_data/images/image_575.png,C,C,True
/users/student/pg/pg24/yash.sarang/GNR/GNR638-Group2-24M2152-24M2160-25D1598/Kaggle_Competition/synthetic_data/synthetic_data/images/image_576.png,D,D,True
/users/student/pg/pg24/yash.sarang/GNR/GNR638-Group2-24M2152-24M2160-25D1598/Kaggle_Competition/synthetic_data/synthetic_data/images/image_577.png,D,D,True
/users/student/pg/pg24/yash.sarang/GNR/GNR638-Group2-24M2152-24M2160-25D1598/Kaggle_Competition/synthetic_data/synthetic_data/images/image_578.png,C,D,False
/users/student/pg/pg24/yash.sarang/GNR/GNR638-Group2-24M2152-24M2160-25D1598/Kaggle_Competition/synthetic_data/synthetic_data/images/image_579.png,D,D,True
/users/student/pg/pg24/yash.sarang/GNR/GNR638-Group2-24M2152-24M2160-25D1598/Kaggle_Competition/synthetic_data/synthetic_data/images/image_580.png,D,D,True
/users/student/pg/pg24/yash.sarang/GNR/GNR638-Group2-24M2152-24M2160-25D1598/Kaggle_Competition/synthetic_data/synthetic_data/images/image_581.png,D,D,True
/users/student/pg/pg24/yash.sarang/GNR/GNR638-Group2-24M2152-24M2160-25D1598/Kaggle_Competition/synthetic_data/synthetic_data/images/image_582.png,D,D,True
/users/student/pg/pg24/yash.sarang/GNR/GNR638-Group2-24M2152-24M2160-25D1598/Kaggle_Competition/synthetic_data/synthetic_data/images/image_583.png,D,D,True
/users/student/pg/pg24/yash.sarang/GNR/GNR638-Group2-24M2152-24M2160-25D1598/Kaggle_Competition/synthetic_data/synthetic_data/images/image_584.png,D,D,True
/users/student/pg/pg24/yash.sarang/GNR/GNR638-Group2-24M2152-24M2160-25D1598/Kaggle_Competition/synthetic_data/synthetic_data/images/image_585.png,D,D,True
/users/student/pg/pg24/yash.sarang/GNR/GNR638-Group2-24M2152-24M2160-25D1598/Kaggle_Competition/synthetic_data/synthetic_data/images/image_586.png,D,D,True
/users/student/pg/pg24/yash.sarang/GNR/GNR638-Group2-24M2152-24M2160-25D1598/Kaggle_Competition/synthetic_data/synthetic_data/images/image_587.png,D,D,True
/users/student/pg/pg24/yash.sarang/GNR/GNR638-Group2-24M2152-24M2160-25D1598/Kaggle_Competition/synthetic_data/synthetic_data/images/image_588.png,D,D,True
/users/student/pg/pg24/yash.sarang/GNR/GNR638-Group2-24M2152-24M2160-25D1598/Kaggle_Competition/synthetic_data/synthetic_data/images/image_589.png,D,D,True
/users/student/pg/pg24/yash.sarang/GNR/GNR638-Group2-24M2152-24M2160-25D1598/Kaggle_Competition/synthetic_data/synthetic_data/images/image_590.png,D,D,True
/users/student/pg/pg24/yash.sarang/GNR/GNR638-Group2-24M2152-24M2160-25D1598/Kaggle_Competition/synthetic_data/synthetic_data/images/image_591.png,D,D,True
/users/student/pg/pg24/yash.sarang/GNR/GNR638-Group2-24M2152-24M2160-25D1598/Kaggle_Competition/synthetic_data/synthetic_data/images/image_592.png,D,D,True
/users/student/pg/pg24/yash.sarang/GNR/GNR638-Group2-24M2152-24M2160-25D1598/Kaggle_Competition/synthetic_data/synthetic_data/images/image_593.png,A,D,False
/users/student/pg/pg24/yash.sarang/GNR/GNR638-Group2-24M2152-24M2160-25D1598/Kaggle_Competition/synthetic_data/synthetic_data/images/image_594.png,D,D,True
/users/student/pg/pg24/yash.sarang/GNR/GNR638-Group2-24M2152-24M2160-25D1598/Kaggle_Competition/synthetic_data/synthetic_data/images/image_595.png,D,D,True
/users/student/pg/pg24/yash.sarang/GNR/GNR638-Group2-24M2152-24M2160-25D1598/Kaggle_Competition/synthetic_data/synthetic_data/images/image_596.png,D,D,True
/users/student/pg/pg24/yash.sarang/GNR/GNR638-Group2-24M2152-24M2160-25D1598/Kaggle_Competition/synthetic_data/synthetic_data/images/image_597.png,D,D,True
/users/student/pg/pg24/yash.sarang/GNR/GNR638-Group2-24M2152-24M2160-25D1598/Kaggle_Competition/synthetic_data/synthetic_data/images/image_598.png,D,D,True
/users/student/pg/pg24/yash.sarang/GNR/GNR638-Group2-24M2152-24M2160-25D1598/Kaggle_Competition/synthetic_data/synthetic_data/images/image_599.png,D,D,True
/users/student/pg/pg24/yash.sarang/GNR/GNR638-Group2-24M2152-24M2160-25D1598/Kaggle_Competition/synthetic_data/synthetic_data/images/image_600.png,D,D,True
/users/student/pg/pg24/yash.sarang/GNR/GNR638-Group2-24M2152-24M2160-25D1598/Kaggle_Competition/synthetic_data/synthetic_data/images/image_601.png,A,A,True
/users/student/pg/pg24/yash.sarang/GNR/GNR638-Group2-24M2152-24M2160-25D1598/Kaggle_Competition/synthetic_data/synthetic_data/images/image_602.png,A,A,True
/users/student/pg/pg24/yash.sarang/GNR/GNR638-Group2-24M2152-24M2160-25D1598/Kaggle_Competition/synthetic_data/synthetic_data/images/image_603.png,A,A,True
/users/student/pg/pg24/yash.sarang/GNR/GNR638-Group2-24M2152-24M2160-25D1598/Kaggle_Competition/synthetic_data/synthetic_data/images/image_604.png,A,A,True
/users/student/pg/pg24/yash.sarang/GNR/GNR638-Group2-24M2152-24M2160-25D1598/Kaggle_Competition/synthetic_data/synthetic_data/images/image_605.png,B,A,False
/users/student/pg/pg24/yash.sarang/GNR/GNR638-Group2-24M2152-24M2160-25D1598/Kaggle_Competition/synthetic_data/synthetic_data/images/image_606.png,A,A,True
/users/student/pg/pg24/yash.sarang/GNR/GNR638-Group2-24M2152-24M2160-25D1598/Kaggle_Competition/synthetic_data/synthetic_data/images/image_607.png,A,A,True
/users/student/pg/pg24/yash.sarang/GNR/GNR638-Group2-24M2152-24M2160-25D1598/Kaggle_Competition/synthetic_data/synthetic_data/images/image_608.png,A,A,True
/users/student/pg/pg24/yash.sarang/GNR/GNR638-Group2-24M2152-24M2160-25D1598/Kaggle_Competition/synthetic_data/synthetic_data/images/image_609.png,D,A,False
/users/student/pg/pg24/yash.sarang/GNR/GNR638-Group2-24M2152-24M2160-25D1598/Kaggle_Competition/synthetic_data/synthetic_data/images/image_610.png,A,A,True
/users/student/pg/pg24/yash.sarang/GNR/GNR638-Group2-24M2152-24M2160-25D1598/Kaggle_Competition/synthetic_data/synthetic_data/images/image_611.png,A,A,True
/users/student/pg/pg24/yash.sarang/GNR/GNR638-Group2-24M2152-24M2160-25D1598/Kaggle_Competition/synthetic_data/synthetic_data/images/image_612.png,A,A,True
/users/student/pg/pg24/yash.sarang/GNR/GNR638-Group2-24M2152-24M2160-25D1598/Kaggle_Competition/synthetic_data/synthetic_data/images/image_613.png,A,A,True
/users/student/pg/pg24/yash.sarang/GNR/GNR638-Group2-24M2152-24M2160-25D1598/Kaggle_Competition/synthetic_data/synthetic_data/images/image_614.png,A,A,True
/users/student/pg/pg24/yash.sarang/GNR/GNR638-Group2-24M2152-24M2160-25D1598/Kaggle_Competition/synthetic_data/synthetic_data/images/image_615.png,A,A,True
/users/student/pg/pg24/yash.sarang/GNR/GNR638-Group2-24M2152-24M2160-25D1598/Kaggle_Competition/synthetic_data/synthetic_data/images/image_616.png,A,A,True
/users/student/pg/pg24/yash.sarang/GNR/GNR638-Group2-24M2152-24M2160-25D1598/Kaggle_Competition/synthetic_data/synthetic_data/images/image_617.png,A,A,True
/users/student/pg/pg24/yash.sarang/GNR/GNR638-Group2-24M2152-24M2160-25D1598/Kaggle_Competition/synthetic_data/synthetic_data/images/image_618.png,A,A,True
/users/student/pg/pg24/yash.sarang/GNR/GNR638-Group2-24M2152-24M2160-25D1598/Kaggle_Competition/synthetic_data/synthetic_data/images/image_619.png,A,A,True
/users/student/pg/pg24/yash.sarang/GNR/GNR638-Group2-24M2152-24M2160-25D1598/Kaggle_Competition/synthetic_data/synthetic_data/images/image_620.png,C,A,False
/users/student/pg/pg24/yash.sarang/GNR/GNR638-Group2-24M2152-24M2160-25D1598/Kaggle_Competition/synthetic_data/synthetic_data/images/image_621.png,A,A,True
/users/student/pg/pg24/yash.sarang/GNR/GNR638-Group2-24M2152-24M2160-25D1598/Kaggle_Competition/synthetic_data/synthetic_data/images/image_622.png,A,A,True
/users/student/pg/pg24/yash.sarang/GNR/GNR638-Group2-24M2152-24M2160-25D1598/Kaggle_Competition/synthetic_data/synthetic_data/images/image_623.png,A,A,True
/users/student/pg/pg24/yash.sarang/GNR/GNR638-Group2-24M2152-24M2160-25D1598/Kaggle_Competition/synthetic_data/synthetic_data/images/image_624.png,A,A,True
/users/student/pg/pg24/yash.sarang/GNR/GNR638-Group2-24M2152-24M2160-25D1598/Kaggle_Competition/synthetic_data/synthetic_data/images/image_625.png,D,A,False
/users/student/pg/pg24/yash.sarang/GNR/GNR638-Group2-24M2152-24M2160-25D1598/Kaggle_Competition/synthetic_data/synthetic_data/images/image_626.png,C,B,False
/users/student/pg/pg24/yash.sarang/GNR/GNR638-Group2-24M2152-24M2160-25D1598/Kaggle_Competition/synthetic_data/synthetic_data/images/image_627.png,D,B,False
/users/student/pg/pg24/yash.sarang/GNR/GNR638-Group2-24M2152-24M2160-25D1598/Kaggle_Competition/synthetic_data/synthetic_data/images/image_628.png,B,B,True
/users/student/pg/pg24/yash.sarang/GNR/GNR638-Group2-24M2152-24M2160-25D1598/Kaggle_Competition/synthetic_data/synthetic_data/images/image_629.png,B,B,True
/users/student/pg/pg24/yash.sarang/GNR/GNR638-Group2-24M2152-24M2160-25D1598/Kaggle_Competition/synthetic_data/synthetic_data/images/image_630.png,B,B,True
/users/student/pg/pg24/yash.sarang/GNR/GNR638-Group2-24M2152-24M2160-25D1598/Kaggle_Competition/synthetic_data/synthetic_data/images/image_631.png,B,B,True
/users/student/pg/pg24/yash.sarang/GNR/GNR638-Group2-24M2152-24M2160-25D1598/Kaggle_Competition/synthetic_data/synthetic_data/images/image_632.png,C,B,False
/users/student/pg/pg24/yash.sarang/GNR/GNR638-Group2-24M2152-24M2160-25D1598/Kaggle_Competition/synthetic_data/synthetic_data/images/image_633.png,B,B,True
/users/student/pg/pg24/yash.sarang/GNR/GNR638-Group2-24M2152-24M2160-25D1598/Kaggle_Competition/synthetic_data/synthetic_data/images/image_634.png,B,B,True
/users/student/pg/pg24/yash.sarang/GNR/GNR638-Group2-24M2152-24M2160-25D1598/Kaggle_Competition/synthetic_data/synthetic_data/images/image_635.png,B,B,True
/users/student/pg/pg24/yash.sarang/GNR/GNR638-Group2-24M2152-24M2160-25D1598/Kaggle_Competition/synthetic_data/synthetic_data/images/image_636.png,B,B,True
/users/student/pg/pg24/yash.sarang/GNR/GNR638-Group2-24M2152-24M2160-25D1598/Kaggle_Competition/synthetic_data/synthetic_data/images/image_637.png,C,B,False
/users/student/pg/pg24/yash.sarang/GNR/GNR638-Group2-24M2152-24M2160-25D1598/Kaggle_Competition/synthetic_data/synthetic_data/images/image_638.png,B,B,True
/users/student/pg/pg24/yash.sarang/GNR/GNR638-Group2-24M2152-24M2160-25D1598/Kaggle_Competition/synthetic_data/synthetic_data/images/image_639.png,C,B,False
/users/student/pg/pg24/yash.sarang/GNR/GNR638-Group2-24M2152-24M2160-25D1598/Kaggle_Competition/synthetic_data/synthetic_data/images/image_640.png,B,B,True
/users/student/pg/pg24/yash.sarang/GNR/GNR638-Group2-24M2152-24M2160-25D1598/Kaggle_Competition/synthetic_data/synthetic_data/images/image_641.png,B,B,True
/users/student/pg/pg24/yash.sarang/GNR/GNR638-Group2-24M2152-24M2160-25D1598/Kaggle_Competition/synthetic_data/synthetic_data/images/image_642.png,D,B,False
/users/student/pg/pg24/yash.sarang/GNR/GNR638-Group2-24M2152-24M2160-25D1598/Kaggle_Competition/synthetic_data/synthetic_data/images/image_643.png,C,B,False
/users/student/pg/pg24/yash.sarang/GNR/GNR638-Group2-24M2152-24M2160-25D1598/Kaggle_Competition/synthetic_data/synthetic_data/images/image_644.png,B,B,True
/users/student/pg/pg24/yash.sarang/GNR/GNR638-Group2-24M2152-24M2160-25D1598/Kaggle_Competition/synthetic_data/synthetic_data/images/image_645.png,A,B,False
/users/student/pg/pg24/yash.sarang/GNR/GNR638-Group2-24M2152-24M2160-25D1598/Kaggle_Competition/synthetic_data/synthetic_data/images/image_646.png,A,B,False
/users/student/pg/pg24/yash.sarang/GNR/GNR638-Group2-24M2152-24M2160-25D1598/Kaggle_Competition/synthetic_data/synthetic_data/images/image_647.png,B,B,True
/users/student/pg/pg24/yash.sarang/GNR/GNR638-Group2-24M2152-24M2160-25D1598/Kaggle_Competition/synthetic_data/synthetic_data/images/image_648.png,B,B,True
/users/student/pg/pg24/yash.sarang/GNR/GNR638-Group2-24M2152-24M2160-25D1598/Kaggle_Competition/synthetic_data/synthetic_data/images/image_649.png,B,B,True
/users/student/pg/pg24/yash.sarang/GNR/GNR638-Group2-24M2152-24M2160-25D1598/Kaggle_Competition/synthetic_data/synthetic_data/images/image_650.png,B,B,True
/users/student/pg/pg24/yash.sarang/GNR/GNR638-Group2-24M2152-24M2160-25D1598/Kaggle_Competition/synthetic_data/synthetic_data/images/image_651.png,C,C,True
/users/student/pg/pg24/yash.sarang/GNR/GNR638-Group2-24M2152-24M2160-25D1598/Kaggle_Competition/synthetic_data/synthetic_data/images/image_652.png,C,C,True
/users/student/pg/pg24/yash.sarang/GNR/GNR638-Group2-24M2152-24M2160-25D1598/Kaggle_Competition/synthetic_data/synthetic_data/images/image_653.png,B,C,False
/users/student/pg/pg24/yash.sarang/GNR/GNR638-Group2-24M2152-24M2160-25D1598/Kaggle_Competition/synthetic_data/synthetic_data/images/image_654.png,C,C,True
/users/student/pg/pg24/yash.sarang/GNR/GNR638-Group2-24M2152-24M2160-25D1598/Kaggle_Competition/synthetic_data/synthetic_data/images/image_655.png,C,C,True
/users/student/pg/pg24/yash.sarang/GNR/GNR638-Group2-24M2152-24M2160-25D1598/Kaggle_Competition/synthetic_data/synthetic_data/images/image_656.png,C,C,True
/users/student/pg/pg24/yash.sarang/GNR/GNR638-Group2-24M2152-24M2160-25D1598/Kaggle_Competition/synthetic_data/synthetic_data/images/image_657.png,C,C,True
/users/student/pg/pg24/yash.sarang/GNR/GNR638-Group2-24M2152-24M2160-25D1598/Kaggle_Competition/synthetic_data/synthetic_data/images/image_658.png,C,C,True
/users/student/pg/pg24/yash.sarang/GNR/GNR638-Group2-24M2152-24M2160-25D1598/Kaggle_Competition/synthetic_data/synthetic_data/images/image_659.png,C,C,True
/users/student/pg/pg24/yash.sarang/GNR/GNR638-Group2-24M2152-24M2160-25D1598/Kaggle_Competition/synthetic_data/synthetic_data/images/image_660.png,C,C,True
/users/student/pg/pg24/yash.sarang/GNR/GNR638-Group2-24M2152-24M2160-25D1598/Kaggle_Competition/synthetic_data/synthetic_data/images/image_661.png,C,C,True
/users/student/pg/pg24/yash.sarang/GNR/GNR638-Group2-24M2152-24M2160-25D1598/Kaggle_Competition/synthetic_data/synthetic_data/images/image_662.png,C,C,True
/users/student/pg/pg24/yash.sarang/GNR/GNR638-Group2-24M2152-24M2160-25D1598/Kaggle_Competition/synthetic_data/synthetic_data/images/image_663.png,C,C,True
/users/student/pg/pg24/yash.sarang/GNR/GNR638-Group2-24M2152-24M2160-25D1598/Kaggle_Competition/synthetic_data/synthetic_data/images/image_664.png,C,C,True
/users/student/pg/pg24/yash.sarang/GNR/GNR638-Group2-24M2152-24M2160-25D1598/Kaggle_Competition/synthetic_data/synthetic_data/images/image_665.png,A,C,False
/users/student/pg/pg24/yash.sarang/GNR/GNR638-Group2-24M2152-24M2160-25D1598/Kaggle_Competition/synthetic_data/synthetic_data/images/image_666.png,C,C,True
/users/student/pg/pg24/yash.sarang/GNR/GNR638-Group2-24M2152-24M2160-25D1598/Kaggle_Competition/synthetic_data/synthetic_data/images/image_667.png,C,C,True
/users/student/pg/pg24/yash.sarang/GNR/GNR638-Group2-24M2152-24M2160-25D1598/Kaggle_Competition/synthetic_data/synthetic_data/images/image_668.png,C,C,True
/users/student/pg/pg24/yash.sarang/GNR/GNR638-Group2-24M2152-24M2160-25D1598/Kaggle_Competition/synthetic_data/synthetic_data/images/image_669.png,C,C,True
/users/student/pg/pg24/yash.sarang/GNR/GNR638-Group2-24M2152-24M2160-25D1598/Kaggle_Competition/synthetic_data/synthetic_data/images/image_670.png,C,C,True
/users/student/pg/pg24/yash.sarang/GNR/GNR638-Group2-24M2152-24M2160-25D1598/Kaggle_Competition/synthetic_data/synthetic_data/images/image_671.png,C,C,True
/users/student/pg/pg24/yash.sarang/GNR/GNR638-Group2-24M2152-24M2160-25D1598/Kaggle_Competition/synthetic_data/synthetic_data/images/image_672.png,C,C,True
/users/student/pg/pg24/yash.sarang/GNR/GNR638-Group2-24M2152-24M2160-25D1598/Kaggle_Competition/synthetic_data/synthetic_data/images/image_673.png,C,C,True
/users/student/pg/pg24/yash.sarang/GNR/GNR638-Group2-24M2152-24M2160-25D1598/Kaggle_Competition/synthetic_data/synthetic_data/images/image_674.png,C,C,True
/users/student/pg/pg24/yash.sarang/GNR/GNR638-Group2-24M2152-24M2160-25D1598/Kaggle_Competition/synthetic_data/synthetic_data/images/image_675.png,C,C,True
/users/student/pg/pg24/yash.sarang/GNR/GNR638-Group2-24M2152-24M2160-25D1598/Kaggle_Competition/synthetic_data/synthetic_data/images/image_676.png,D,D,True
/users/student/pg/pg24/yash.sarang/GNR/GNR638-Group2-24M2152-24M2160-25D1598/Kaggle_Competition/synthetic_data/synthetic_data/images/image_677.png,D,D,True
/users/student/pg/pg24/yash.sarang/GNR/GNR638-Group2-24M2152-24M2160-25D1598/Kaggle_Competition/synthetic_data/synthetic_data/images/image_678.png,B,D,False
/users/student/pg/pg24/yash.sarang/GNR/GNR638-Group2-24M2152-24M2160-25D1598/Kaggle_Competition/synthetic_data/synthetic_data/images/image_679.png,D,D,True
/users/student/pg/pg24/yash.sarang/GNR/GNR638-Group2-24M2152-24M2160-25D1598/Kaggle_Competition/synthetic_data/synthetic_data/images/image_680.png,B,D,False
/users/student/pg/pg24/yash.sarang/GNR/GNR638-Group2-24M2152-24M2160-25D1598/Kaggle_Competition/synthetic_data/synthetic_data/images/image_681.png,D,D,True
/users/student/pg/pg24/yash.sarang/GNR/GNR638-Group2-24M2152-24M2160-25D1598/Kaggle_Competition/synthetic_data/synthetic_data/images/image_682.png,C,D,False
/users/student/pg/pg24/yash.sarang/GNR/GNR638-Group2-24M2152-24M2160-25D1598/Kaggle_Competition/synthetic_data/synthetic_data/images/image_683.png,D,D,True
/users/student/pg/pg24/yash.sarang/GNR/GNR638-Group2-24M2152-24M2160-25D1598/Kaggle_Competition/synthetic_data/synthetic_data/images/image_684.png,B,D,False
/users/student/pg/pg24/yash.sarang/GNR/GNR638-Group2-24M2152-24M2160-25D1598/Kaggle_Competition/synthetic_data/synthetic_data/images/image_685.png,D,D,True
/users/student/pg/pg24/yash.sarang/GNR/GNR638-Group2-24M2152-24M2160-25D1598/Kaggle_Competition/synthetic_data/synthetic_data/images/image_686.png,B,D,False
/users/student/pg/pg24/yash.sarang/GNR/GNR638-Group2-24M2152-24M2160-25D1598/Kaggle_Competition/synthetic_data/synthetic_data/images/image_687.png,D,D,True
/users/student/pg/pg24/yash.sarang/GNR/GNR638-Group2-24M2152-24M2160-25D1598/Kaggle_Competition/synthetic_data/synthetic_data/images/image_688.png,D,D,True
/users/student/pg/pg24/yash.sarang/GNR/GNR638-Group2-24M2152-24M2160-25D1598/Kaggle_Competition/synthetic_data/synthetic_data/images/image_689.png,D,D,True
/users/student/pg/pg24/yash.sarang/GNR/GNR638-Group2-24M2152-24M2160-25D1598/Kaggle_Competition/synthetic_data/synthetic_data/images/image_690.png,B,D,False
/users/student/pg/pg24/yash.sarang/GNR/GNR638-Group2-24M2152-24M2160-25D1598/Kaggle_Competition/synthetic_data/synthetic_data/images/image_691.png,D,D,True
/users/student/pg/pg24/yash.sarang/GNR/GNR638-Group2-24M2152-24M2160-25D1598/Kaggle_Competition/synthetic_data/synthetic_data/images/image_692.png,B,D,False
/users/student/pg/pg24/yash.sarang/GNR/GNR638-Group2-24M2152-24M2160-25D1598/Kaggle_Competition/synthetic_data/synthetic_data/images/image_693.png,D,D,True
/users/student/pg/pg24/yash.sarang/GNR/GNR638-Group2-24M2152-24M2160-25D1598/Kaggle_Competition/synthetic_data/synthetic_data/images/image_694.png,D,D,True
/users/student/pg/pg24/yash.sarang/GNR/GNR638-Group2-24M2152-24M2160-25D1598/Kaggle_Competition/synthetic_data/synthetic_data/images/image_695.png,A,D,False
/users/student/pg/pg24/yash.sarang/GNR/GNR638-Group2-24M2152-24M2160-25D1598/Kaggle_Competition/synthetic_data/synthetic_data/images/image_696.png,D,D,True
/users/student/pg/pg24/yash.sarang/GNR/GNR638-Group2-24M2152-24M2160-25D1598/Kaggle_Competition/synthetic_data/synthetic_data/images/image_697.png,D,D,True
/users/student/pg/pg24/yash.sarang/GNR/GNR638-Group2-24M2152-24M2160-25D1598/Kaggle_Competition/synthetic_data/synthetic_data/images/image_698.png,D,D,True
/users/student/pg/pg24/yash.sarang/GNR/GNR638-Group2-24M2152-24M2160-25D1598/Kaggle_Competition/synthetic_data/synthetic_data/images/image_699.png,D,D,True
/users/student/pg/pg24/yash.sarang/GNR/GNR638-Group2-24M2152-24M2160-25D1598/Kaggle_Competition/synthetic_data/synthetic_data/images/image_700.png,D,D,True
/users/student/pg/pg24/yash.sarang/GNR/GNR638-Group2-24M2152-24M2160-25D1598/Kaggle_Competition/synthetic_data/synthetic_data/images/image_701.png,A,A,True
/users/student/pg/pg24/yash.sarang/GNR/GNR638-Group2-24M2152-24M2160-25D1598/Kaggle_Competition/synthetic_data/synthetic_data/images/image_702.png,A,A,True
/users/student/pg/pg24/yash.sarang/GNR/GNR638-Group2-24M2152-24M2160-25D1598/Kaggle_Competition/synthetic_data/synthetic_data/images/image_703.png,B,A,False
/users/student/pg/pg24/yash.sarang/GNR/GNR638-Group2-24M2152-24M2160-25D1598/Kaggle_Competition/synthetic_data/synthetic_data/images/image_704.png,B,A,False
/users/student/pg/pg24/yash.sarang/GNR/GNR638-Group2-24M2152-24M2160-25D1598/Kaggle_Competition/synthetic_data/synthetic_data/images/image_705.png,A,A,True
/users/student/pg/pg24/yash.sarang/GNR/GNR638-Group2-24M2152-24M2160-25D1598/Kaggle_Competition/synthetic_data/synthetic_data/images/image_706.png,A,A,True
/users/student/pg/pg24/yash.sarang/GNR/GNR638-Group2-24M2152-24M2160-25D1598/Kaggle_Competition/synthetic_data/synthetic_data/images/image_707.png,A,A,True
/users/student/pg/pg24/yash.sarang/GNR/GNR638-Group2-24M2152-24M2160-25D1598/Kaggle_Competition/synthetic_data/synthetic_data/images/image_708.png,A,A,True
/users/student/pg/pg24/yash.sarang/GNR/GNR638-Group2-24M2152-24M2160-25D1598/Kaggle_Competition/synthetic_data/synthetic_data/images/image_709.png,A,A,True
/users/student/pg/pg24/yash.sarang/GNR/GNR638-Group2-24M2152-24M2160-25D1598/Kaggle_Competition/synthetic_data/synthetic_data/images/image_710.png,A,A,True
/users/student/pg/pg24/yash.sarang/GNR/GNR638-Group2-24M2152-24M2160-25D1598/Kaggle_Competition/synthetic_data/synthetic_data/images/image_711.png,D,A,False
/users/student/pg/pg24/yash.sarang/GNR/GNR638-Group2-24M2152-24M2160-25D1598/Kaggle_Competition/synthetic_data/synthetic_data/images/image_712.png,A,A,True
/users/student/pg/pg24/yash.sarang/GNR/GNR638-Group2-24M2152-24M2160-25D1598/Kaggle_Competition/synthetic_data/synthetic_data/images/image_713.png,A,A,True
/users/student/pg/pg24/yash.sarang/GNR/GNR638-Group2-24M2152-24M2160-25D1598/Kaggle_Competition/synthetic_data/synthetic_data/images/image_714.png,A,A,True
/users/student/pg/pg24/yash.sarang/GNR/GNR638-Group2-24M2152-24M2160-25D1598/Kaggle_Competition/synthetic_data/synthetic_data/images/image_715.png,A,A,True
/users/student/pg/pg24/yash.sarang/GNR/GNR638-Group2-24M2152-24M2160-25D1598/Kaggle_Competition/synthetic_data/synthetic_data/images/image_716.png,A,A,True
/users/student/pg/pg24/yash.sarang/GNR/GNR638-Group2-24M2152-24M2160-25D1598/Kaggle_Competition/synthetic_data/synthetic_data/images/image_717.png,A,A,True
/users/student/pg/pg24/yash.sarang/GNR/GNR638-Group2-24M2152-24M2160-25D1598/Kaggle_Competition/synthetic_data/synthetic_data/images/image_718.png,A,A,True
/users/student/pg/pg24/yash.sarang/GNR/GNR638-Group2-24M2152-24M2160-25D1598/Kaggle_Competition/synthetic_data/synthetic_data/images/image_719.png,C,A,False
/users/student/pg/pg24/yash.sarang/GNR/GNR638-Group2-24M2152-24M2160-25D1598/Kaggle_Competition/synthetic_data/synthetic_data/images/image_720.png,A,A,True
/users/student/pg/pg24/yash.sarang/GNR/GNR638-Group2-24M2152-24M2160-25D1598/Kaggle_Competition/synthetic_data/synthetic_data/images/image_721.png,C,A,False
/users/student/pg/pg24/yash.sarang/GNR/GNR638-Group2-24M2152-24M2160-25D1598/Kaggle_Competition/synthetic_data/synthetic_data/images/image_722.png,A,A,True
/users/student/pg/pg24/yash.sarang/GNR/GNR638-Group2-24M2152-24M2160-25D1598/Kaggle_Competition/synthetic_data/synthetic_data/images/image_723.png,A,A,True
/users/student/pg/pg24/yash.sarang/GNR/GNR638-Group2-24M2152-24M2160-25D1598/Kaggle_Competition/synthetic_data/synthetic_data/images/image_724.png,A,A,True
/users/student/pg/pg24/yash.sarang/GNR/GNR638-Group2-24M2152-24M2160-25D1598/Kaggle_Competition/synthetic_data/synthetic_data/images/image_725.png,A,A,True
/users/student/pg/pg24/yash.sarang/GNR/GNR638-Group2-24M2152-24M2160-25D1598/Kaggle_Competition/synthetic_data/synthetic_data/images/image_726.png,B,B,True
/users/student/pg/pg24/yash.sarang/GNR/GNR638-Group2-24M2152-24M2160-25D1598/Kaggle_Competition/synthetic_data/synthetic_data/images/image_727.png,C,B,False
/users/student/pg/pg24/yash.sarang/GNR/GNR638-Group2-24M2152-24M2160-25D1598/Kaggle_Competition/synthetic_data/synthetic_data/images/image_728.png,B,B,True
/users/student/pg/pg24/yash.sarang/GNR/GNR638-Group2-24M2152-24M2160-25D1598/Kaggle_Competition/synthetic_data/synthetic_data/images/image_729.png,B,B,True
/users/student/pg/pg24/yash.sarang/GNR/GNR638-Group2-24M2152-24M2160-25D1598/Kaggle_Competition/synthetic_data/synthetic_data/images/image_730.png,B,B,True
/users/student/pg/pg24/yash.sarang/GNR/GNR638-Group2-24M2152-24M2160-25D1598/Kaggle_Competition/synthetic_data/synthetic_data/images/image_731.png,B,B,True
/users/student/pg/pg24/yash.sarang/GNR/GNR638-Group2-24M2152-24M2160-25D1598/Kaggle_Competition/synthetic_data/synthetic_data/images/image_732.png,B,B,True
/users/student/pg/pg24/yash.sarang/GNR/GNR638-Group2-24M2152-24M2160-25D1598/Kaggle_Competition/synthetic_data/synthetic_data/images/image_733.png,B,B,True
/users/student/pg/pg24/yash.sarang/GNR/GNR638-Group2-24M2152-24M2160-25D1598/Kaggle_Competition/synthetic_data/synthetic_data/images/image_734.png,B,B,True
/users/student/pg/pg24/yash.sarang/GNR/GNR638-Group2-24M2152-24M2160-25D1598/Kaggle_Competition/synthetic_data/synthetic_data/images/image_735.png,B,B,True
/users/student/pg/pg24/yash.sarang/GNR/GNR638-Group2-24M2152-24M2160-25D1598/Kaggle_Competition/synthetic_data/synthetic_data/images/image_736.png,B,B,True
/users/student/pg/pg24/yash.sarang/GNR/GNR638-Group2-24M2152-24M2160-25D1598/Kaggle_Competition/synthetic_data/synthetic_data/images/image_737.png,B,B,True
/users/student/pg/pg24/yash.sarang/GNR/GNR638-Group2-24M2152-24M2160-25D1598/Kaggle_Competition/synthetic_data/synthetic_data/images/image_738.png,B,B,True
/users/student/pg/pg24/yash.sarang/GNR/GNR638-Group2-24M2152-24M2160-25D1598/Kaggle_Competition/synthetic_data/synthetic_data/images/image_739.png,B,B,True
/users/student/pg/pg24/yash.sarang/GNR/GNR638-Group2-24M2152-24M2160-25D1598/Kaggle_Competition/synthetic_data/synthetic_data/images/image_740.png,B,B,True
/users/student/pg/pg24/yash.sarang/GNR/GNR638-Group2-24M2152-24M2160-25D1598/Kaggle_Competition/synthetic_data/synthetic_data/images/image_741.png,B,B,True
/users/student/pg/pg24/yash.sarang/GNR/GNR638-Group2-24M2152-24M2160-25D1598/Kaggle_Competition/synthetic_data/synthetic_data/images/image_742.png,B,B,True
/users/student/pg/pg24/yash.sarang/GNR/GNR638-Group2-24M2152-24M2160-25D1598/Kaggle_Competition/synthetic_data/synthetic_data/images/image_743.png,B,B,True
/users/student/pg/pg24/yash.sarang/GNR/GNR638-Group2-24M2152-24M2160-25D1598/Kaggle_Competition/synthetic_data/synthetic_data/images/image_744.png,B,B,True
/users/student/pg/pg24/yash.sarang/GNR/GNR638-Group2-24M2152-24M2160-25D1598/Kaggle_Competition/synthetic_data/synthetic_data/images/image_745.png,B,B,True
/users/student/pg/pg24/yash.sarang/GNR/GNR638-Group2-24M2152-24M2160-25D1598/Kaggle_Competition/synthetic_data/synthetic_data/images/image_746.png,B,B,True
/users/student/pg/pg24/yash.sarang/GNR/GNR638-Group2-24M2152-24M2160-25D1598/Kaggle_Competition/synthetic_data/synthetic_data/images/image_747.png,B,B,True
/users/student/pg/pg24/yash.sarang/GNR/GNR638-Group2-24M2152-24M2160-25D1598/Kaggle_Competition/synthetic_data/synthetic_data/images/image_748.png,B,B,True
/users/student/pg/pg24/yash.sarang/GNR/GNR638-Group2-24M2152-24M2160-25D1598/Kaggle_Competition/synthetic_data/synthetic_data/images/image_749.png,B,B,True
/users/student/pg/pg24/yash.sarang/GNR/GNR638-Group2-24M2152-24M2160-25D1598/Kaggle_Competition/synthetic_data/synthetic_data/images/image_750.png,B,B,True
/users/student/pg/pg24/yash.sarang/GNR/GNR638-Group2-24M2152-24M2160-25D1598/Kaggle_Competition/synthetic_data/synthetic_data/images/image_751.png,C,C,True
/users/student/pg/pg24/yash.sarang/GNR/GNR638-Group2-24M2152-24M2160-25D1598/Kaggle_Competition/synthetic_data/synthetic_data/images/image_752.png,C,C,True
/users/student/pg/pg24/yash.sarang/GNR/GNR638-Group2-24M2152-24M2160-25D1598/Kaggle_Competition/synthetic_data/synthetic_data/images/image_753.png,C,C,True
/users/student/pg/pg24/yash.sarang/GNR/GNR638-Group2-24M2152-24M2160-25D1598/Kaggle_Competition/synthetic_data/synthetic_data/images/image_754.png,C,C,True
/users/student/pg/pg24/yash.sarang/GNR/GNR638-Group2-24M2152-24M2160-25D1598/Kaggle_Competition/synthetic_data/synthetic_data/images/image_755.png,D,C,False
/users/student/pg/pg24/yash.sarang/GNR/GNR638-Group2-24M2152-24M2160-25D1598/Kaggle_Competition/synthetic_data/synthetic_data/images/image_756.png,C,C,True
/users/student/pg/pg24/yash.sarang/GNR/GNR638-Group2-24M2152-24M2160-25D1598/Kaggle_Competition/synthetic_data/synthetic_data/images/image_757.png,C,C,True
/users/student/pg/pg24/yash.sarang/GNR/GNR638-Group2-24M2152-24M2160-25D1598/Kaggle_Competition/synthetic_data/synthetic_data/images/image_758.png,C,C,True
/users/student/pg/pg24/yash.sarang/GNR/GNR638-Group2-24M2152-24M2160-25D1598/Kaggle_Competition/synthetic_data/synthetic_data/images/image_759.png,C,C,True
/users/student/pg/pg24/yash.sarang/GNR/GNR638-Group2-24M2152-24M2160-25D1598/Kaggle_Competition/synthetic_data/synthetic_data/images/image_760.png,C,C,True
/users/student/pg/pg24/yash.sarang/GNR/GNR638-Group2-24M2152-24M2160-25D1598/Kaggle_Competition/synthetic_data/synthetic_data/images/image_761.png,C,C,True
/users/student/pg/pg24/yash.sarang/GNR/GNR638-Group2-24M2152-24M2160-25D1598/Kaggle_Competition/synthetic_data/synthetic_data/images/image_762.png,C,C,True
/users/student/pg/pg24/yash.sarang/GNR/GNR638-Group2-24M2152-24M2160-25D1598/Kaggle_Competition/synthetic_data/synthetic_data/images/image_763.png,D,C,False
/users/student/pg/pg24/yash.sarang/GNR/GNR638-Group2-24M2152-24M2160-25D1598/Kaggle_Competition/synthetic_data/synthetic_data/images/image_764.png,C,C,True
/users/student/pg/pg24/yash.sarang/GNR/GNR638-Group2-24M2152-24M2160-25D1598/Kaggle_Competition/synthetic_data/synthetic_data/images/image_765.png,D,C,False
/users/student/pg/pg24/yash.sarang/GNR/GNR638-Group2-24M2152-24M2160-25D1598/Kaggle_Competition/synthetic_data/synthetic_data/images/image_766.png,C,C,True
/users/student/pg/pg24/yash.sarang/GNR/GNR638-Group2-24M2152-24M2160-25D1598/Kaggle_Competition/synthetic_data/synthetic_data/images/image_767.png,C,C,True
/users/student/pg/pg24/yash.sarang/GNR/GNR638-Group2-24M2152-24M2160-25D1598/Kaggle_Competition/synthetic_data/synthetic_data/images/image_768.png,C,C,True
/users/student/pg/pg24/yash.sarang/GNR/GNR638-Group2-24M2152-24M2160-25D1598/Kaggle_Competition/synthetic_data/synthetic_data/images/image_769.png,C,C,True
/users/student/pg/pg24/yash.sarang/GNR/GNR638-Group2-24M2152-24M2160-25D1598/Kaggle_Competition/synthetic_data/synthetic_data/images/image_770.png,C,C,True
/users/student/pg/pg24/yash.sarang/GNR/GNR638-Group2-24M2152-24M2160-25D1598/Kaggle_Competition/synthetic_data/synthetic_data/images/image_771.png,A,C,False
/users/student/pg/pg24/yash.sarang/GNR/GNR638-Group2-24M2152-24M2160-25D1598/Kaggle_Competition/synthetic_data/synthetic_data/images/image_772.png,C,C,True
/users/student/pg/pg24/yash.sarang/GNR/GNR638-Group2-24M2152-24M2160-25D1598/Kaggle_Competition/synthetic_data/synthetic_data/images/image_773.png,A,C,False
/users/student/pg/pg24/yash.sarang/GNR/GNR638-Group2-24M2152-24M2160-25D1598/Kaggle_Competition/synthetic_data/synthetic_data/images/image_774.png,C,C,True
/users/student/pg/pg24/yash.sarang/GNR/GNR638-Group2-24M2152-24M2160-25D1598/Kaggle_Competition/synthetic_data/synthetic_data/images/image_775.png,C,C,True
/users/student/pg/pg24/yash.sarang/GNR/GNR638-Group2-24M2152-24M2160-25D1598/Kaggle_Competition/synthetic_data/synthetic_data/images/image_776.png,D,D,True
/users/student/pg/pg24/yash.sarang/GNR/GNR638-Group2-24M2152-24M2160-25D1598/Kaggle_Competition/synthetic_data/synthetic_data/images/image_777.png,D,D,True
/users/student/pg/pg24/yash.sarang/GNR/GNR638-Group2-24M2152-24M2160-25D1598/Kaggle_Competition/synthetic_data/synthetic_data/images/image_778.png,D,D,True
/users/student/pg/pg24/yash.sarang/GNR/GNR638-Group2-24M2152-24M2160-25D1598/Kaggle_Competition/synthetic_data/synthetic_data/images/image_779.png,D,D,True
/users/student/pg/pg24/yash.sarang/GNR/GNR638-Group2-24M2152-24M2160-25D1598/Kaggle_Competition/synthetic_data/synthetic_data/images/image_780.png,D,D,True
/users/student/pg/pg24/yash.sarang/GNR/GNR638-Group2-24M2152-24M2160-25D1598/Kaggle_Competition/synthetic_data/synthetic_data/images/image_781.png,D,D,True
/users/student/pg/pg24/yash.sarang/GNR/GNR638-Group2-24M2152-24M2160-25D1598/Kaggle_Competition/synthetic_data/synthetic_data/images/image_782.png,D,D,True
/users/student/pg/pg24/yash.sarang/GNR/GNR638-Group2-24M2152-24M2160-25D1598/Kaggle_Competition/synthetic_data/synthetic_data/images/image_783.png,D,D,True
/users/student/pg/pg24/yash.sarang/GNR/GNR638-Group2-24M2152-24M2160-25D1598/Kaggle_Competition/synthetic_data/synthetic_data/images/image_784.png,D,D,True
/users/student/pg/pg24/yash.sarang/GNR/GNR638-Group2-24M2152-24M2160-25D1598/Kaggle_Competition/synthetic_data/synthetic_data/images/image_785.png,D,D,True
/users/student/pg/pg24/yash.sarang/GNR/GNR638-Group2-24M2152-24M2160-25D1598/Kaggle_Competition/synthetic_data/synthetic_data/images/image_786.png,D,D,True
/users/student/pg/pg24/yash.sarang/GNR/GNR638-Group2-24M2152-24M2160-25D1598/Kaggle_Competition/synthetic_data/synthetic_data/images/image_787.png,D,D,True
/users/student/pg/pg24/yash.sarang/GNR/GNR638-Group2-24M2152-24M2160-25D1598/Kaggle_Competition/synthetic_data/synthetic_data/images/image_788.png,D,D,True
/users/student/pg/pg24/yash.sarang/GNR/GNR638-Group2-24M2152-24M2160-25D1598/Kaggle_Competition/synthetic_data/synthetic_data/images/image_789.png,D,D,True
/users/student/pg/pg24/yash.sarang/GNR/GNR638-Group2-24M2152-24M2160-25D1598/Kaggle_Competition/synthetic_data/synthetic_data/images/image_790.png,C,D,False
/users/student/pg/pg24/yash.sarang/GNR/GNR638-Group2-24M2152-24M2160-25D1598/Kaggle_Competition/synthetic_data/synthetic_data/images/image_791.png,D,D,True
/users/student/pg/pg24/yash.sarang/GNR/GNR638-Group2-24M2152-24M2160-25D1598/Kaggle_Competition/synthetic_data/synthetic_data/images/image_792.png,D,D,True
/users/student/pg/pg24/yash.sarang/GNR/GNR638-Group2-24M2152-24M2160-25D1598/Kaggle_Competition/synthetic_data/synthetic_data/images/image_793.png,D,D,True
/users/student/pg/pg24/yash.sarang/GNR/GNR638-Group2-24M2152-24M2160-25D1598/Kaggle_Competition/synthetic_data/synthetic_data/images/image_794.png,D,D,True
/users/student/pg/pg24/yash.sarang/GNR/GNR638-Group2-24M2152-24M2160-25D1598/Kaggle_Competition/synthetic_data/synthetic_data/images/image_795.png,D,D,True
/users/student/pg/pg24/yash.sarang/GNR/GNR638-Group2-24M2152-24M2160-25D1598/Kaggle_Competition/synthetic_data/synthetic_data/images/image_796.png,D,D,True
/users/student/pg/pg24/yash.sarang/GNR/GNR638-Group2-24M2152-24M2160-25D1598/Kaggle_Competition/synthetic_data/synthetic_data/images/image_797.png,D,D,True
/users/student/pg/pg24/yash.sarang/GNR/GNR638-Group2-24M2152-24M2160-25D1598/Kaggle_Competition/synthetic_data/synthetic_data/images/image_798.png,D,D,True
/users/student/pg/pg24/yash.sarang/GNR/GNR638-Group2-24M2152-24M2160-25D1598/Kaggle_Competition/synthetic_data/synthetic_data/images/image_799.png,D,D,True
/users/student/pg/pg24/yash.sarang/GNR/GNR638-Group2-24M2152-24M2160-25D1598/Kaggle_Competition/synthetic_data/synthetic_data/images/image_800.png,D,D,True
/users/student/pg/pg24/yash.sarang/GNR/GNR638-Group2-24M2152-24M2160-25D1598/Kaggle_Competition/synthetic_data/synthetic_data/images/image_801.png,A,A,True
/users/student/pg/pg24/yash.sarang/GNR/GNR638-Group2-24M2152-24M2160-25D1598/Kaggle_Competition/synthetic_data/synthetic_data/images/image_802.png,A,A,True
/users/student/pg/pg24/yash.sarang/GNR/GNR638-Group2-24M2152-24M2160-25D1598/Kaggle_Competition/synthetic_data/synthetic_data/images/image_803.png,A,A,True
/users/student/pg/pg24/yash.sarang/GNR/GNR638-Group2-24M2152-24M2160-25D1598/Kaggle_Competition/synthetic_data/synthetic_data/images/image_804.png,B,A,False
/users/student/pg/pg24/yash.sarang/GNR/GNR638-Group2-24M2152-24M2160-25D1598/Kaggle_Competition/synthetic_data/synthetic_data/images/image_805.png,A,A,True
/users/student/pg/pg24/yash.sarang/GNR/GNR638-Group2-24M2152-24M2160-25D1598/Kaggle_Competition/synthetic_data/synthetic_data/images/image_806.png,A,A,True
/users/student/pg/pg24/yash.sarang/GNR/GNR638-Group2-24M2152-24M2160-25D1598/Kaggle_Competition/synthetic_data/synthetic_data/images/image_807.png,A,A,True
/users/student/pg/pg24/yash.sarang/GNR/GNR638-Group2-24M2152-24M2160-25D1598/Kaggle_Competition/synthetic_data/synthetic_data/images/image_808.png,A,A,True
/users/student/pg/pg24/yash.sarang/GNR/GNR638-Group2-24M2152-24M2160-25D1598/Kaggle_Competition/synthetic_data/synthetic_data/images/image_809.png,A,A,True
/users/student/pg/pg24/yash.sarang/GNR/GNR638-Group2-24M2152-24M2160-25D1598/Kaggle_Competition/synthetic_data/synthetic_data/images/image_810.png,A,A,True
/users/student/pg/pg24/yash.sarang/GNR/GNR638-Group2-24M2152-24M2160-25D1598/Kaggle_Competition/synthetic_data/synthetic_data/images/image_811.png,B,A,False
/users/student/pg/pg24/yash.sarang/GNR/GNR638-Group2-24M2152-24M2160-25D1598/Kaggle_Competition/synthetic_data/synthetic_data/images/image_812.png,A,A,True
/users/student/pg/pg24/yash.sarang/GNR/GNR638-Group2-24M2152-24M2160-25D1598/Kaggle_Competition/synthetic_data/synthetic_data/images/image_813.png,D,A,False
/users/student/pg/pg24/yash.sarang/GNR/GNR638-Group2-24M2152-24M2160-25D1598/Kaggle_Competition/synthetic_data/synthetic_data/images/image_814.png,A,A,True
/users/student/pg/pg24/yash.sarang/GNR/GNR638-Group2-24M2152-24M2160-25D1598/Kaggle_Competition/synthetic_data/synthetic_data/images/image_815.png,A,A,True
/users/student/pg/pg24/yash.sarang/GNR/GNR638-Group2-24M2152-24M2160-25D1598/Kaggle_Competition/synthetic_data/synthetic_data/images/image_816.png,A,A,True
/users/student/pg/pg24/yash.sarang/GNR/GNR638-Group2-24M2152-24M2160-25D1598/Kaggle_Competition/synthetic_data/synthetic_data/images/image_817.png,A,A,True
/users/student/pg/pg24/yash.sarang/GNR/GNR638-Group2-24M2152-24M2160-25D1598/Kaggle_Competition/synthetic_data/synthetic_data/images/image_818.png,D,A,False
/users/student/pg/pg24/yash.sarang/GNR/GNR638-Group2-24M2152-24M2160-25D1598/Kaggle_Competition/synthetic_data/synthetic_data/images/image_819.png,A,A,True
/users/student/pg/pg24/yash.sarang/GNR/GNR638-Group2-24M2152-24M2160-25D1598/Kaggle_Competition/synthetic_data/synthetic_data/images/image_820.png,A,A,True
/users/student/pg/pg24/yash.sarang/GNR/GNR638-Group2-24M2152-24M2160-25D1598/Kaggle_Competition/synthetic_data/synthetic_data/images/image_821.png,A,A,True
/users/student/pg/pg24/yash.sarang/GNR/GNR638-Group2-24M2152-24M2160-25D1598/Kaggle_Competition/synthetic_data/synthetic_data/images/image_822.png,A,A,True
/users/student/pg/pg24/yash.sarang/GNR/GNR638-Group2-24M2152-24M2160-25D1598/Kaggle_Competition/synthetic_data/synthetic_data/images/image_823.png,C,A,False
/users/student/pg/pg24/yash.sarang/GNR/GNR638-Group2-24M2152-24M2160-25D1598/Kaggle_Competition/synthetic_data/synthetic_data/images/image_824.png,A,A,True
/users/student/pg/pg24/yash.sarang/GNR/GNR638-Group2-24M2152-24M2160-25D1598/Kaggle_Competition/synthetic_data/synthetic_data/images/image_825.png,A,A,True
/users/student/pg/pg24/yash.sarang/GNR/GNR638-Group2-24M2152-24M2160-25D1598/Kaggle_Competition/synthetic_data/synthetic_data/images/image_826.png,B,B,True
/users/student/pg/pg24/yash.sarang/GNR/GNR638-Group2-24M2152-24M2160-25D1598/Kaggle_Competition/synthetic_data/synthetic_data/images/image_827.png,D,B,False
/users/student/pg/pg24/yash.sarang/GNR/GNR638-Group2-24M2152-24M2160-25D1598/Kaggle_Competition/synthetic_data/synthetic_data/images/image_828.png,D,B,False
/users/student/pg/pg24/yash.sarang/GNR/GNR638-Group2-24M2152-24M2160-25D1598/Kaggle_Competition/synthetic_data/synthetic_data/images/image_829.png,B,B,True
/users/student/pg/pg24/yash.sarang/GNR/GNR638-Group2-24M2152-24M2160-25D1598/Kaggle_Competition/synthetic_data/synthetic_data/images/image_830.png,B,B,True
/users/student/pg/pg24/yash.sarang/GNR/GNR638-Group2-24M2152-24M2160-25D1598/Kaggle_Competition/synthetic_data/synthetic_data/images/image_831.png,B,B,True
/users/student/pg/pg24/yash.sarang/GNR/GNR638-Group2-24M2152-24M2160-25D1598/Kaggle_Competition/synthetic_data/synthetic_data/images/image_832.png,B,B,True
/users/student/pg/pg24/yash.sarang/GNR/GNR638-Group2-24M2152-24M2160-25D1598/Kaggle_Competition/synthetic_data/synthetic_data/images/image_833.png,B,B,True
/users/student/pg/pg24/yash.sarang/GNR/GNR638-Group2-24M2152-24M2160-25D1598/Kaggle_Competition/synthetic_data/synthetic_data/images/image_834.png,B,B,True
/users/student/pg/pg24/yash.sarang/GNR/GNR638-Group2-24M2152-24M2160-25D1598/Kaggle_Competition/synthetic_data/synthetic_data/images/image_835.png,B,B,True
/users/student/pg/pg24/yash.sarang/GNR/GNR638-Group2-24M2152-24M2160-25D1598/Kaggle_Competition/synthetic_data/synthetic_data/images/image_836.png,B,B,True
/users/student/pg/pg24/yash.sarang/GNR/GNR638-Group2-24M2152-24M2160-25D1598/Kaggle_Competition/synthetic_data/synthetic_data/images/image_837.png,B,B,True
/users/student/pg/pg24/yash.sarang/GNR/GNR638-Group2-24M2152-24M2160-25D1598/Kaggle_Competition/synthetic_data/synthetic_data/images/image_838.png,B,B,True
/users/student/pg/pg24/yash.sarang/GNR/GNR638-Group2-24M2152-24M2160-25D1598/Kaggle_Competition/synthetic_data/synthetic_data/images/image_839.png,B,B,True
/users/student/pg/pg24/yash.sarang/GNR/GNR638-Group2-24M2152-24M2160-25D1598/Kaggle_Competition/synthetic_data/synthetic_data/images/image_840.png,B,B,True
/users/student/pg/pg24/yash.sarang/GNR/GNR638-Group2-24M2152-24M2160-25D1598/Kaggle_Competition/synthetic_data/synthetic_data/images/image_841.png,B,B,True
/users/student/pg/pg24/yash.sarang/GNR/GNR638-Group2-24M2152-24M2160-25D1598/Kaggle_Competition/synthetic_data/synthetic_data/images/image_842.png,B,B,True
/users/student/pg/pg24/yash.sarang/GNR/GNR638-Group2-24M2152-24M2160-25D1598/Kaggle_Competition/synthetic_data/synthetic_data/images/image_843.png,B,B,True
/users/student/pg/pg24/yash.sarang/GNR/GNR638-Group2-24M2152-24M2160-25D1598/Kaggle_Competition/synthetic_data/synthetic_data/images/image_844.png,B,B,True
/users/student/pg/pg24/yash.sarang/GNR/GNR638-Group2-24M2152-24M2160-25D1598/Kaggle_Competition/synthetic_data/synthetic_data/images/image_845.png,D,B,False
/users/student/pg/pg24/yash.sarang/GNR/GNR638-Group2-24M2152-24M2160-25D1598/Kaggle_Competition/synthetic_data/synthetic_data/images/image_846.png,B,B,True
/users/student/pg/pg24/yash.sarang/GNR/GNR638-Group2-24M2152-24M2160-25D1598/Kaggle_Competition/synthetic_data/synthetic_data/images/image_847.png,B,B,True
/users/student/pg/pg24/yash.sarang/GNR/GNR638-Group2-24M2152-24M2160-25D1598/Kaggle_Competition/synthetic_data/synthetic_data/images/image_848.png,C,B,False
/users/student/pg/pg24/yash.sarang/GNR/GNR638-Group2-24M2152-24M2160-25D1598/Kaggle_Competition/synthetic_data/synthetic_data/images/image_849.png,B,B,True
/users/student/pg/pg24/yash.sarang/GNR/GNR638-Group2-24M2152-24M2160-25D1598/Kaggle_Competition/synthetic_data/synthetic_data/images/image_850.png,B,B,True
/users/student/pg/pg24/yash.sarang/GNR/GNR638-Group2-24M2152-24M2160-25D1598/Kaggle_Competition/synthetic_data/synthetic_data/images/image_851.png,C,C,True
/users/student/pg/pg24/yash.sarang/GNR/GNR638-Group2-24M2152-24M2160-25D1598/Kaggle_Competition/synthetic_data/synthetic_data/images/image_852.png,D,C,False
/users/student/pg/pg24/yash.sarang/GNR/GNR638-Group2-24M2152-24M2160-25D1598/Kaggle_Competition/synthetic_data/synthetic_data/images/image_853.png,A,C,False
/users/student/pg/pg24/yash.sarang/GNR/GNR638-Group2-24M2152-24M2160-25D1598/Kaggle_Competition/synthetic_data/synthetic_data/images/image_854.png,C,C,True
/users/student/pg/pg24/yash.sarang/GNR/GNR638-Group2-24M2152-24M2160-25D1598/Kaggle_Competition/synthetic_data/synthetic_data/images/image_855.png,C,C,True
/users/student/pg/pg24/yash.sarang/GNR/GNR638-Group2-24M2152-24M2160-25D1598/Kaggle_Competition/synthetic_data/synthetic_data/images/image_856.png,C,C,True
/users/student/pg/pg24/yash.sarang/GNR/GNR638-Group2-24M2152-24M2160-25D1598/Kaggle_Competition/synthetic_data/synthetic_data/images/image_857.png,C,C,True
/users/student/pg/pg24/yash.sarang/GNR/GNR638-Group2-24M2152-24M2160-25D1598/Kaggle_Competition/synthetic_data/synthetic_data/images/image_858.png,C,C,True
/users/student/pg/pg24/yash.sarang/GNR/GNR638-Group2-24M2152-24M2160-25D1598/Kaggle_Competition/synthetic_data/synthetic_data/images/image_859.png,C,C,True
/users/student/pg/pg24/yash.sarang/GNR/GNR638-Group2-24M2152-24M2160-25D1598/Kaggle_Competition/synthetic_data/synthetic_data/images/image_860.png,C,C,True
/users/student/pg/pg24/yash.sarang/GNR/GNR638-Group2-24M2152-24M2160-25D1598/Kaggle_Competition/synthetic_data/synthetic_data/images/image_861.png,C,C,True
/users/student/pg/pg24/yash.sarang/GNR/GNR638-Group2-24M2152-24M2160-25D1598/Kaggle_Competition/synthetic_data/synthetic_data/images/image_862.png,D,C,False
/users/student/pg/pg24/yash.sarang/GNR/GNR638-Group2-24M2152-24M2160-25D1598/Kaggle_Competition/synthetic_data/synthetic_data/images/image_863.png,C,C,True
/users/student/pg/pg24/yash.sarang/GNR/GNR638-Group2-24M2152-24M2160-25D1598/Kaggle_Competition/synthetic_data/synthetic_data/images/image_864.png,C,C,True
/users/student/pg/pg24/yash.sarang/GNR/GNR638-Group2-24M2152-24M2160-25D1598/Kaggle_Competition/synthetic_data/synthetic_data/images/image_865.png,B,C,False
/users/student/pg/pg24/yash.sarang/GNR/GNR638-Group2-24M2152-24M2160-25D1598/Kaggle_Competition/synthetic_data/synthetic_data/images/image_866.png,C,C,True
/users/student/pg/pg24/yash.sarang/GNR/GNR638-Group2-24M2152-24M2160-25D1598/Kaggle_Competition/synthetic_data/synthetic_data/images/image_867.png,C,C,True
/users/student/pg/pg24/yash.sarang/GNR/GNR638-Group2-24M2152-24M2160-25D1598/Kaggle_Competition/synthetic_data/synthetic_data/images/image_868.png,C,C,True
/users/student/pg/pg24/yash.sarang/GNR/GNR638-Group2-24M2152-24M2160-25D1598/Kaggle_Competition/synthetic_data/synthetic_data/images/image_869.png,C,C,True
/users/student/pg/pg24/yash.sarang/GNR/GNR638-Group2-24M2152-24M2160-25D1598/Kaggle_Competition/synthetic_data/synthetic_data/images/image_870.png,B,C,False
/users/student/pg/pg24/yash.sarang/GNR/GNR638-Group2-24M2152-24M2160-25D1598/Kaggle_Competition/synthetic_data/synthetic_data/images/image_871.png,C,C,True
/users/student/pg/pg24/yash.sarang/GNR/GNR638-Group2-24M2152-24M2160-25D1598/Kaggle_Competition/synthetic_data/synthetic_data/images/image_872.png,C,C,True
/users/student/pg/pg24/yash.sarang/GNR/GNR638-Group2-24M2152-24M2160-25D1598/Kaggle_Competition/synthetic_data/synthetic_data/images/image_873.png,C,C,True
/users/student/pg/pg24/yash.sarang/GNR/GNR638-Group2-24M2152-24M2160-25D1598/Kaggle_Competition/synthetic_data/synthetic_data/images/image_874.png,B,C,False
/users/student/pg/pg24/yash.sarang/GNR/GNR638-Group2-24M2152-24M2160-25D1598/Kaggle_Competition/synthetic_data/synthetic_data/images/image_875.png,C,C,True
/users/student/pg/pg24/yash.sarang/GNR/GNR638-Group2-24M2152-24M2160-25D1598/Kaggle_Competition/synthetic_data/synthetic_data/images/image_876.png,D,D,True
/users/student/pg/pg24/yash.sarang/GNR/GNR638-Group2-24M2152-24M2160-25D1598/Kaggle_Competition/synthetic_data/synthetic_data/images/image_877.png,C,D,False
/users/student/pg/pg24/yash.sarang/GNR/GNR638-Group2-24M2152-24M2160-25D1598/Kaggle_Competition/synthetic_data/synthetic_data/images/image_878.png,D,D,True
/users/student/pg/pg24/yash.sarang/GNR/GNR638-Group2-24M2152-24M2160-25D1598/Kaggle_Competition/synthetic_data/synthetic_data/images/image_879.png,D,D,True
/users/student/pg/pg24/yash.sarang/GNR/GNR638-Group2-24M2152-24M2160-25D1598/Kaggle_Competition/synthetic_data/synthetic_data/images/image_880.png,D,D,True
/users/student/pg/pg24/yash.sarang/GNR/GNR638-Group2-24M2152-24M2160-25D1598/Kaggle_Competition/synthetic_data/synthetic_data/images/image_881.png,D,D,True
/users/student/pg/pg24/yash.sarang/GNR/GNR638-Group2-24M2152-24M2160-25D1598/Kaggle_Competition/synthetic_data/synthetic_data/images/image_882.png,D,D,True
/users/student/pg/pg24/yash.sarang/GNR/GNR638-Group2-24M2152-24M2160-25D1598/Kaggle_Competition/synthetic_data/synthetic_data/images/image_883.png,D,D,True
/users/student/pg/pg24/yash.sarang/GNR/GNR638-Group2-24M2152-24M2160-25D1598/Kaggle_Competition/synthetic_data/synthetic_data/images/image_884.png,D,D,True
/users/student/pg/pg24/yash.sarang/GNR/GNR638-Group2-24M2152-24M2160-25D1598/Kaggle_Competition/synthetic_data/synthetic_data/images/image_885.png,D,D,True
/users/student/pg/pg24/yash.sarang/GNR/GNR638-Group2-24M2152-24M2160-25D1598/Kaggle_Competition/synthetic_data/synthetic_data/images/image_886.png,D,D,True
/users/student/pg/pg24/yash.sarang/GNR/GNR638-Group2-24M2152-24M2160-25D1598/Kaggle_Competition/synthetic_data/synthetic_data/images/image_887.png,D,D,True
/users/student/pg/pg24/yash.sarang/GNR/GNR638-Group2-24M2152-24M2160-25D1598/Kaggle_Competition/synthetic_data/synthetic_data/images/image_888.png,D,D,True
/users/student/pg/pg24/yash.sarang/GNR/GNR638-Group2-24M2152-24M2160-25D1598/Kaggle_Competition/synthetic_data/synthetic_data/images/image_889.png,D,D,True
/users/student/pg/pg24/yash.sarang/GNR/GNR638-Group2-24M2152-24M2160-25D1598/Kaggle_Competition/synthetic_data/synthetic_data/images/image_890.png,D,D,True
/users/student/pg/pg24/yash.sarang/GNR/GNR638-Group2-24M2152-24M2160-25D1598/Kaggle_Competition/synthetic_data/synthetic_data/images/image_891.png,D,D,True
/users/student/pg/pg24/yash.sarang/GNR/GNR638-Group2-24M2152-24M2160-25D1598/Kaggle_Competition/synthetic_data/synthetic_data/images/image_892.png,D,D,True
/users/student/pg/pg24/yash.sarang/GNR/GNR638-Group2-24M2152-24M2160-25D1598/Kaggle_Competition/synthetic_data/synthetic_data/images/image_893.png,A,D,False
/users/student/pg/pg24/yash.sarang/GNR/GNR638-Group2-24M2152-24M2160-25D1598/Kaggle_Competition/synthetic_data/synthetic_data/images/image_894.png,D,D,True
/users/student/pg/pg24/yash.sarang/GNR/GNR638-Group2-24M2152-24M2160-25D1598/Kaggle_Competition/synthetic_data/synthetic_data/images/image_895.png,D,D,True
/users/student/pg/pg24/yash.sarang/GNR/GNR638-Group2-24M2152-24M2160-25D1598/Kaggle_Competition/synthetic_data/synthetic_data/images/image_896.png,D,D,True
/users/student/pg/pg24/yash.sarang/GNR/GNR638-Group2-24M2152-24M2160-25D1598/Kaggle_Competition/synthetic_data/synthetic_data/images/image_897.png,D,D,True
/users/student/pg/pg24/yash.sarang/GNR/GNR638-Group2-24M2152-24M2160-25D1598/Kaggle_Competition/synthetic_data/synthetic_data/images/image_898.png,D,D,True
/users/student/pg/pg24/yash.sarang/GNR/GNR638-Group2-24M2152-24M2160-25D1598/Kaggle_Competition/synthetic_data/synthetic_data/images/image_899.png,D,D,True
/users/student/pg/pg24/yash.sarang/GNR/GNR638-Group2-24M2152-24M2160-25D1598/Kaggle_Competition/synthetic_data/synthetic_data/images/image_900.png,D,D,True
/users/student/pg/pg24/yash.sarang/GNR/GNR638-Group2-24M2152-24M2160-25D1598/Kaggle_Competition/synthetic_data/synthetic_data/images/image_901.png,A,A,True
/users/student/pg/pg24/yash.sarang/GNR/GNR638-Group2-24M2152-24M2160-25D1598/Kaggle_Competition/synthetic_data/synthetic_data/images/image_902.png,A,A,True
/users/student/pg/pg24/yash.sarang/GNR/GNR638-Group2-24M2152-24M2160-25D1598/Kaggle_Competition/synthetic_data/synthetic_data/images/image_903.png,A,A,True
/users/student/pg/pg24/yash.sarang/GNR/GNR638-Group2-24M2152-24M2160-25D1598/Kaggle_Competition/synthetic_data/synthetic_data/images/image_904.png,A,A,True
/users/student/pg/pg24/yash.sarang/GNR/GNR638-Group2-24M2152-24M2160-25D1598/Kaggle_Competition/synthetic_data/synthetic_data/images/image_905.png,A,A,True
/users/student/pg/pg24/yash.sarang/GNR/GNR638-Group2-24M2152-24M2160-25D1598/Kaggle_Competition/synthetic_data/synthetic_data/images/image_906.png,A,A,True
/users/student/pg/pg24/yash.sarang/GNR/GNR638-Group2-24M2152-24M2160-25D1598/Kaggle_Competition/synthetic_data/synthetic_data/images/image_907.png,A,A,True
/users/student/pg/pg24/yash.sarang/GNR/GNR638-Group2-24M2152-24M2160-25D1598/Kaggle_Competition/synthetic_data/synthetic_data/images/image_908.png,A,A,True
/users/student/pg/pg24/yash.sarang/GNR/GNR638-Group2-24M2152-24M2160-25D1598/Kaggle_Competition/synthetic_data/synthetic_data/images/image_909.png,A,A,True
/users/student/pg/pg24/yash.sarang/GNR/GNR638-Group2-24M2152-24M2160-25D1598/Kaggle_Competition/synthetic_data/synthetic_data/images/image_910.png,A,A,True
/users/student/pg/pg24/yash.sarang/GNR/GNR638-Group2-24M2152-24M2160-25D1598/Kaggle_Competition/synthetic_data/synthetic_data/images/image_911.png,A,A,True
/users/student/pg/pg24/yash.sarang/GNR/GNR638-Group2-24M2152-24M2160-25D1598/Kaggle_Competition/synthetic_data/synthetic_data/images/image_912.png,A,A,True
/users/student/pg/pg24/yash.sarang/GNR/GNR638-Group2-24M2152-24M2160-25D1598/Kaggle_Competition/synthetic_data/synthetic_data/images/image_913.png,A,A,True
/users/student/pg/pg24/yash.sarang/GNR/GNR638-Group2-24M2152-24M2160-25D1598/Kaggle_Competition/synthetic_data/synthetic_data/images/image_914.png,A,A,True
/users/student/pg/pg24/yash.sarang/GNR/GNR638-Group2-24M2152-24M2160-25D1598/Kaggle_Competition/synthetic_data/synthetic_data/images/image_915.png,A,A,True
/users/student/pg/pg24/yash.sarang/GNR/GNR638-Group2-24M2152-24M2160-25D1598/Kaggle_Competition/synthetic_data/synthetic_data/images/image_916.png,A,A,True
/users/student/pg/pg24/yash.sarang/GNR/GNR638-Group2-24M2152-24M2160-25D1598/Kaggle_Competition/synthetic_data/synthetic_data/images/image_917.png,A,A,True
/users/student/pg/pg24/yash.sarang/GNR/GNR638-Group2-24M2152-24M2160-25D1598/Kaggle_Competition/synthetic_data/synthetic_data/images/image_918.png,A,A,True
/users/student/pg/pg24/yash.sarang/GNR/GNR638-Group2-24M2152-24M2160-25D1598/Kaggle_Competition/synthetic_data/synthetic_data/images/image_919.png,A,A,True
/users/student/pg/pg24/yash.sarang/GNR/GNR638-Group2-24M2152-24M2160-25D1598/Kaggle_Competition/synthetic_data/synthetic_data/images/image_920.png,A,A,True
/users/student/pg/pg24/yash.sarang/GNR/GNR638-Group2-24M2152-24M2160-25D1598/Kaggle_Competition/synthetic_data/synthetic_data/images/image_921.png,A,A,True
/users/student/pg/pg24/yash.sarang/GNR/GNR638-Group2-24M2152-24M2160-25D1598/Kaggle_Competition/synthetic_data/synthetic_data/images/image_922.png,A,A,True
/users/student/pg/pg24/yash.sarang/GNR/GNR638-Group2-24M2152-24M2160-25D1598/Kaggle_Competition/synthetic_data/synthetic_data/images/image_923.png,A,A,True
/users/student/pg/pg24/yash.sarang/GNR/GNR638-Group2-24M2152-24M2160-25D1598/Kaggle_Competition/synthetic_data/synthetic_data/images/image_924.png,A,A,True
/users/student/pg/pg24/yash.sarang/GNR/GNR638-Group2-24M2152-24M2160-25D1598/Kaggle_Competition/synthetic_data/synthetic_data/images/image_925.png,A,A,True
/users/student/pg/pg24/yash.sarang/GNR/GNR638-Group2-24M2152-24M2160-25D1598/Kaggle_Competition/synthetic_data/synthetic_data/images/image_926.png,B,B,True
/users/student/pg/pg24/yash.sarang/GNR/GNR638-Group2-24M2152-24M2160-25D1598/Kaggle_Competition/synthetic_data/synthetic_data/images/image_927.png,B,B,True
/users/student/pg/pg24/yash.sarang/GNR/GNR638-Group2-24M2152-24M2160-25D1598/Kaggle_Competition/synthetic_data/synthetic_data/images/image_928.png,B,B,True
/users/student/pg/pg24/yash.sarang/GNR/GNR638-Group2-24M2152-24M2160-25D1598/Kaggle_Competition/synthetic_data/synthetic_data/images/image_929.png,B,B,True
/users/student/pg/pg24/yash.sarang/GNR/GNR638-Group2-24M2152-24M2160-25D1598/Kaggle_Competition/synthetic_data/synthetic_data/images/image_930.png,B,B,True
/users/student/pg/pg24/yash.sarang/GNR/GNR638-Group2-24M2152-24M2160-25D1598/Kaggle_Competition/synthetic_data/synthetic_data/images/image_931.png,B,B,True
/users/student/pg/pg24/yash.sarang/GNR/GNR638-Group2-24M2152-24M2160-25D1598/Kaggle_Competition/synthetic_data/synthetic_data/images/image_932.png,B,B,True
/users/student/pg/pg24/yash.sarang/GNR/GNR638-Group2-24M2152-24M2160-25D1598/Kaggle_Competition/synthetic_data/synthetic_data/images/image_933.png,B,B,True
/users/student/pg/pg24/yash.sarang/GNR/GNR638-Group2-24M2152-24M2160-25D1598/Kaggle_Competition/synthetic_data/synthetic_data/images/image_934.png,B,B,True
/users/student/pg/pg24/yash.sarang/GNR/GNR638-Group2-24M2152-24M2160-25D1598/Kaggle_Competition/synthetic_data/synthetic_data/images/image_935.png,B,B,True
/users/student/pg/pg24/yash.sarang/GNR/GNR638-Group2-24M2152-24M2160-25D1598/Kaggle_Competition/synthetic_data/synthetic_data/images/image_936.png,B,B,True
/users/student/pg/pg24/yash.sarang/GNR/GNR638-Group2-24M2152-24M2160-25D1598/Kaggle_Competition/synthetic_data/synthetic_data/images/image_937.png,B,B,True
/users/student/pg/pg24/yash.sarang/GNR/GNR638-Group2-24M2152-24M2160-25D1598/Kaggle_Competition/synthetic_data/synthetic_data/images/image_938.png,B,B,True
/users/student/pg/pg24/yash.sarang/GNR/GNR638-Group2-24M2152-24M2160-25D1598/Kaggle_Competition/synthetic_data/synthetic_data/images/image_939.png,B,B,True
/users/student/pg/pg24/yash.sarang/GNR/GNR638-Group2-24M2152-24M2160-25D1598/Kaggle_Competition/synthetic_data/synthetic_data/images/image_940.png,B,B,True
/users/student/pg/pg24/yash.sarang/GNR/GNR638-Group2-24M2152-24M2160-25D1598/Kaggle_Competition/synthetic_data/synthetic_data/images/image_941.png,B,B,True
/users/student/pg/pg24/yash.sarang/GNR/GNR638-Group2-24M2152-24M2160-25D1598/Kaggle_Competition/synthetic_data/synthetic_data/images/image_942.png,B,B,True
/users/student/pg/pg24/yash.sarang/GNR/GNR638-Group2-24M2152-24M2160-25D1598/Kaggle_Competition/synthetic_data/synthetic_data/images/image_943.png,B,B,True
/users/student/pg/pg24/yash.sarang/GNR/GNR638-Group2-24M2152-24M2160-25D1598/Kaggle_Competition/synthetic_data/synthetic_data/images/image_944.png,B,B,True
/users/student/pg/pg24/yash.sarang/GNR/GNR638-Group2-24M2152-24M2160-25D1598/Kaggle_Competition/synthetic_data/synthetic_data/images/image_945.png,B,B,True
/users/student/pg/pg24/yash.sarang/GNR/GNR638-Group2-24M2152-24M2160-25D1598/Kaggle_Competition/synthetic_data/synthetic_data/images/image_946.png,B,B,True
/users/student/pg/pg24/yash.sarang/GNR/GNR638-Group2-24M2152-24M2160-25D1598/Kaggle_Competition/synthetic_data/synthetic_data/images/image_947.png,A,B,False
/users/student/pg/pg24/yash.sarang/GNR/GNR638-Group2-24M2152-24M2160-25D1598/Kaggle_Competition/synthetic_data/synthetic_data/images/image_948.png,B,B,True
/users/student/pg/pg24/yash.sarang/GNR/GNR638-Group2-24M2152-24M2160-25D1598/Kaggle_Competition/synthetic_data/synthetic_data/images/image_949.png,B,B,True
/users/student/pg/pg24/yash.sarang/GNR/GNR638-Group2-24M2152-24M2160-25D1598/Kaggle_Competition/synthetic_data/synthetic_data/images/image_950.png,B,B,True
/users/student/pg/pg24/yash.sarang/GNR/GNR638-Group2-24M2152-24M2160-25D1598/Kaggle_Competition/synthetic_data/synthetic_data/images/image_951.png,C,C,True
/users/student/pg/pg24/yash.sarang/GNR/GNR638-Group2-24M2152-24M2160-25D1598/Kaggle_Competition/synthetic_data/synthetic_data/images/image_952.png,C,C,True
/users/student/pg/pg24/yash.sarang/GNR/GNR638-Group2-24M2152-24M2160-25D1598/Kaggle_Competition/synthetic_data/synthetic_data/images/image_953.png,C,C,True
/users/student/pg/pg24/yash.sarang/GNR/GNR638-Group2-24M2152-24M2160-25D1598/Kaggle_Competition/synthetic_data/synthetic_data/images/image_954.png,C,C,True
/users/student/pg/pg24/yash.sarang/GNR/GNR638-Group2-24M2152-24M2160-25D1598/Kaggle_Competition/synthetic_data/synthetic_data/images/image_955.png,C,C,True
/users/student/pg/pg24/yash.sarang/GNR/GNR638-Group2-24M2152-24M2160-25D1598/Kaggle_Competition/synthetic_data/synthetic_data/images/image_956.png,C,C,True
/users/student/pg/pg24/yash.sarang/GNR/GNR638-Group2-24M2152-24M2160-25D1598/Kaggle_Competition/synthetic_data/synthetic_data/images/image_957.png,C,C,True
/users/student/pg/pg24/yash.sarang/GNR/GNR638-Group2-24M2152-24M2160-25D1598/Kaggle_Competition/synthetic_data/synthetic_data/images/image_958.png,D,C,False
/users/student/pg/pg24/yash.sarang/GNR/GNR638-Group2-24M2152-24M2160-25D1598/Kaggle_Competition/synthetic_data/synthetic_data/images/image_959.png,C,C,True
/users/student/pg/pg24/yash.sarang/GNR/GNR638-Group2-24M2152-24M2160-25D1598/Kaggle_Competition/synthetic_data/synthetic_data/images/image_960.png,C,C,True
/users/student/pg/pg24/yash.sarang/GNR/GNR638-Group2-24M2152-24M2160-25D1598/Kaggle_Competition/synthetic_data/synthetic_data/images/image_961.png,C,C,True
/users/student/pg/pg24/yash.sarang/GNR/GNR638-Group2-24M2152-24M2160-25D1598/Kaggle_Competition/synthetic_data/synthetic_data/images/image_962.png,C,C,True
/users/student/pg/pg24/yash.sarang/GNR/GNR638-Group2-24M2152-24M2160-25D1598/Kaggle_Competition/synthetic_data/synthetic_data/images/image_963.png,C,C,True
/users/student/pg/pg24/yash.sarang/GNR/GNR638-Group2-24M2152-24M2160-25D1598/Kaggle_Competition/synthetic_data/synthetic_data/images/image_964.png,C,C,True
/users/student/pg/pg24/yash.sarang/GNR/GNR638-Group2-24M2152-24M2160-25D1598/Kaggle_Competition/synthetic_data/synthetic_data/images/image_965.png,C,C,True
/users/student/pg/pg24/yash.sarang/GNR/GNR638-Group2-24M2152-24M2160-25D1598/Kaggle_Competition/synthetic_data/synthetic_data/images/image_966.png,B,C,False
/users/student/pg/pg24/yash.sarang/GNR/GNR638-Group2-24M2152-24M2160-25D1598/Kaggle_Competition/synthetic_data/synthetic_data/images/image_967.png,C,C,True
/users/student/pg/pg24/yash.sarang/GNR/GNR638-Group2-24M2152-24M2160-25D1598/Kaggle_Competition/synthetic_data/synthetic_data/images/image_968.png,C,C,True
/users/student/pg/pg24/yash.sarang/GNR/GNR638-Group2-24M2152-24M2160-25D1598/Kaggle_Competition/synthetic_data/synthetic_data/images/image_969.png,C,C,True
/users/student/pg/pg24/yash.sarang/GNR/GNR638-Group2-24M2152-24M2160-25D1598/Kaggle_Competition/synthetic_data/synthetic_data/images/image_970.png,A,C,False
/users/student/pg/pg24/yash.sarang/GNR/GNR638-Group2-24M2152-24M2160-25D1598/Kaggle_Competition/synthetic_data/synthetic_data/images/image_971.png,C,C,True
/users/student/pg/pg24/yash.sarang/GNR/GNR638-Group2-24M2152-24M2160-25D1598/Kaggle_Competition/synthetic_data/synthetic_data/images/image_972.png,C,C,True
/users/student/pg/pg24/yash.sarang/GNR/GNR638-Group2-24M2152-24M2160-25D1598/Kaggle_Competition/synthetic_data/synthetic_data/images/image_973.png,C,C,True
/users/student/pg/pg24/yash.sarang/GNR/GNR638-Group2-24M2152-24M2160-25D1598/Kaggle_Competition/synthetic_data/synthetic_data/images/image_974.png,C,C,True
/users/student/pg/pg24/yash.sarang/GNR/GNR638-Group2-24M2152-24M2160-25D1598/Kaggle_Competition/synthetic_data/synthetic_data/images/image_975.png,C,C,True
/users/student/pg/pg24/yash.sarang/GNR/GNR638-Group2-24M2152-24M2160-25D1598/Kaggle_Competition/synthetic_data/synthetic_data/images/image_976.png,C,D,False
/users/student/pg/pg24/yash.sarang/GNR/GNR638-Group2-24M2152-24M2160-25D1598/Kaggle_Competition/synthetic_data/synthetic_data/images/image_977.png,D,D,True
/users/student/pg/pg24/yash.sarang/GNR/GNR638-Group2-24M2152-24M2160-25D1598/Kaggle_Competition/synthetic_data/synthetic_data/images/image_978.png,D,D,True
/users/student/pg/pg24/yash.sarang/GNR/GNR638-Group2-24M2152-24M2160-25D1598/Kaggle_Competition/synthetic_data/synthetic_data/images/image_979.png,D,D,True
/users/student/pg/pg24/yash.sarang/GNR/GNR638-Group2-24M2152-24M2160-25D1598/Kaggle_Competition/synthetic_data/synthetic_data/images/image_980.png,D,D,True
/users/student/pg/pg24/yash.sarang/GNR/GNR638-Group2-24M2152-24M2160-25D1598/Kaggle_Competition/synthetic_data/synthetic_data/images/image_981.png,D,D,True
/users/student/pg/pg24/yash.sarang/GNR/GNR638-Group2-24M2152-24M2160-25D1598/Kaggle_Competition/synthetic_data/synthetic_data/images/image_982.png,D,D,True
/users/student/pg/pg24/yash.sarang/GNR/GNR638-Group2-24M2152-24M2160-25D1598/Kaggle_Competition/synthetic_data/synthetic_data/images/image_983.png,D,D,True
/users/student/pg/pg24/yash.sarang/GNR/GNR638-Group2-24M2152-24M2160-25D1598/Kaggle_Competition/synthetic_data/synthetic_data/images/image_984.png,D,D,True
/users/student/pg/pg24/yash.sarang/GNR/GNR638-Group2-24M2152-24M2160-25D1598/Kaggle_Competition/synthetic_data/synthetic_data/images/image_985.png,D,D,True
/users/student/pg/pg24/yash.sarang/GNR/GNR638-Group2-24M2152-24M2160-25D1598/Kaggle_Competition/synthetic_data/synthetic_data/images/image_986.png,C,D,False
/users/student/pg/pg24/yash.sarang/GNR/GNR638-Group2-24M2152-24M2160-25D1598/Kaggle_Competition/synthetic_data/synthetic_data/images/image_987.png,D,D,True
/users/student/pg/pg24/yash.sarang/GNR/GNR638-Group2-24M2152-24M2160-25D1598/Kaggle_Competition/synthetic_data/synthetic_data/images/image_988.png,D,D,True
/users/student/pg/pg24/yash.sarang/GNR/GNR638-Group2-24M2152-24M2160-25D1598/Kaggle_Competition/synthetic_data/synthetic_data/images/image_989.png,D,D,True
/users/student/pg/pg24/yash.sarang/GNR/GNR638-Group2-24M2152-24M2160-25D1598/Kaggle_Competition/synthetic_data/synthetic_data/images/image_990.png,D,D,True
/users/student/pg/pg24/yash.sarang/GNR/GNR638-Group2-24M2152-24M2160-25D1598/Kaggle_Competition/synthetic_data/synthetic_data/images/image_991.png,D,D,True
/users/student/pg/pg24/yash.sarang/GNR/GNR638-Group2-24M2152-24M2160-25D1598/Kaggle_Competition/synthetic_data/synthetic_data/images/image_992.png,D,D,True
/users/student/pg/pg24/yash.sarang/GNR/GNR638-Group2-24M2152-24M2160-25D1598/Kaggle_Competition/synthetic_data/synthetic_data/images/image_993.png,D,D,True
/users/student/pg/pg24/yash.sarang/GNR/GNR638-Group2-24M2152-24M2160-25D1598/Kaggle_Competition/synthetic_data/synthetic_data/images/image_994.png,D,D,True
/users/student/pg/pg24/yash.sarang/GNR/GNR638-Group2-24M2152-24M2160-25D1598/Kaggle_Competition/synthetic_data/synthetic_data/images/image_995.png,D,D,True
/users/student/pg/pg24/yash.sarang/GNR/GNR638-Group2-24M2152-24M2160-25D1598/Kaggle_Competition/synthetic_data/synthetic_data/images/image_996.png,D,D,True
/users/student/pg/pg24/yash.sarang/GNR/GNR638-Group2-24M2152-24M2160-25D1598/Kaggle_Competition/synthetic_data/synthetic_data/images/image_997.png,D,D,True
/users/student/pg/pg24/yash.sarang/GNR/GNR638-Group2-24M2152-24M2160-25D1598/Kaggle_Competition/synthetic_data/synthetic_data/images/image_998.png,A,D,False
/users/student/pg/pg24/yash.sarang/GNR/GNR638-Group2-24M2152-24M2160-25D1598/Kaggle_Competition/synthetic_data/synthetic_data/images/image_999.png,D,D,True
/users/student/pg/pg24/yash.sarang/GNR/GNR638-Group2-24M2152-24M2160-25D1598/Kaggle_Competition/synthetic_data/synthetic_data/images/image_1000.png,D,D,True
/users/student/pg/pg24/yash.sarang/GNR/GNR638-Group2-24M2152-24M2160-25D1598/Kaggle_Competition/synthetic_data/synthetic_data/images/image_1001.png,A,A,True
/users/student/pg/pg24/yash.sarang/GNR/GNR638-Group2-24M2152-24M2160-25D1598/Kaggle_Competition/synthetic_data/synthetic_data/images/image_1002.png,B,A,False
/users/student/pg/pg24/yash.sarang/GNR/GNR638-Group2-24M2152-24M2160-25D1598/Kaggle_Competition/synthetic_data/synthetic_data/images/image_1003.png,A,A,True
/users/student/pg/pg24/yash.sarang/GNR/GNR638-Group2-24M2152-24M2160-25D1598/Kaggle_Competition/synthetic_data/synthetic_data/images/image_1004.png,A,A,True
/users/student/pg/pg24/yash.sarang/GNR/GNR638-Group2-24M2152-24M2160-25D1598/Kaggle_Competition/synthetic_data/synthetic_data/images/image_1005.png,A,A,True
/users/student/pg/pg24/yash.sarang/GNR/GNR638-Group2-24M2152-24M2160-25D1598/Kaggle_Competition/synthetic_data/synthetic_data/images/image_1006.png,A,A,True
/users/student/pg/pg24/yash.sarang/GNR/GNR638-Group2-24M2152-24M2160-25D1598/Kaggle_Competition/synthetic_data/synthetic_data/images/image_1007.png,A,A,True
/users/student/pg/pg24/yash.sarang/GNR/GNR638-Group2-24M2152-24M2160-25D1598/Kaggle_Competition/synthetic_data/synthetic_data/images/image_1008.png,B,A,False
/users/student/pg/pg24/yash.sarang/GNR/GNR638-Group2-24M2152-24M2160-25D1598/Kaggle_Competition/synthetic_data/synthetic_data/images/image_1009.png,A,A,True
/users/student/pg/pg24/yash.sarang/GNR/GNR638-Group2-24M2152-24M2160-25D1598/Kaggle_Competition/synthetic_data/synthetic_data/images/image_1010.png,A,A,True
/users/student/pg/pg24/yash.sarang/GNR/GNR638-Group2-24M2152-24M2160-25D1598/Kaggle_Competition/synthetic_data/synthetic_data/images/image_1011.png,A,A,True
/users/student/pg/pg24/yash.sarang/GNR/GNR638-Group2-24M2152-24M2160-25D1598/Kaggle_Competition/synthetic_data/synthetic_data/images/image_1012.png,A,A,True
/users/student/pg/pg24/yash.sarang/GNR/GNR638-Group2-24M2152-24M2160-25D1598/Kaggle_Competition/synthetic_data/synthetic_data/images/image_1013.png,A,A,True
/users/student/pg/pg24/yash.sarang/GNR/GNR638-Group2-24M2152-24M2160-25D1598/Kaggle_Competition/synthetic_data/synthetic_data/images/image_1014.png,A,A,True
/users/student/pg/pg24/yash.sarang/GNR/GNR638-Group2-24M2152-24M2160-25D1598/Kaggle_Competition/synthetic_data/synthetic_data/images/image_1015.png,A,A,True
/users/student/pg/pg24/yash.sarang/GNR/GNR638-Group2-24M2152-24M2160-25D1598/Kaggle_Competition/synthetic_data/synthetic_data/images/image_1016.png,A,A,True
/users/student/pg/pg24/yash.sarang/GNR/GNR638-Group2-24M2152-24M2160-25D1598/Kaggle_Competition/synthetic_data/synthetic_data/images/image_1017.png,A,A,True
/users/student/pg/pg24/yash.sarang/GNR/GNR638-Group2-24M2152-24M2160-25D1598/Kaggle_Competition/synthetic_data/synthetic_data/images/image_1018.png,B,A,False
/users/student/pg/pg24/yash.sarang/GNR/GNR638-Group2-24M2152-24M2160-25D1598/Kaggle_Competition/synthetic_data/synthetic_data/images/image_1019.png,A,A,True
/users/student/pg/pg24/yash.sarang/GNR/GNR638-Group2-24M2152-24M2160-25D1598/Kaggle_Competition/synthetic_data/synthetic_data/images/image_1020.png,A,A,True
/users/student/pg/pg24/yash.sarang/GNR/GNR638-Group2-24M2152-24M2160-25D1598/Kaggle_Competition/synthetic_data/synthetic_data/images/image_1021.png,D,A,False
/users/student/pg/pg24/yash.sarang/GNR/GNR638-Group2-24M2152-24M2160-25D1598/Kaggle_Competition/synthetic_data/synthetic_data/images/image_1022.png,A,A,True
/users/student/pg/pg24/yash.sarang/GNR/GNR638-Group2-24M2152-24M2160-25D1598/Kaggle_Competition/synthetic_data/synthetic_data/images/image_1023.png,A,A,True
/users/student/pg/pg24/yash.sarang/GNR/GNR638-Group2-24M2152-24M2160-25D1598/Kaggle_Competition/synthetic_data/synthetic_data/images/image_1024.png,A,A,True
/users/student/pg/pg24/yash.sarang/GNR/GNR638-Group2-24M2152-24M2160-25D1598/Kaggle_Competition/synthetic_data/synthetic_data/images/image_1025.png,A,A,True
/users/student/pg/pg24/yash.sarang/GNR/GNR638-Group2-24M2152-24M2160-25D1598/Kaggle_Competition/synthetic_data/synthetic_data/images/image_1026.png,C,B,False
/users/student/pg/pg24/yash.sarang/GNR/GNR638-Group2-24M2152-24M2160-25D1598/Kaggle_Competition/synthetic_data/synthetic_data/images/image_1027.png,B,B,True
/users/student/pg/pg24/yash.sarang/GNR/GNR638-Group2-24M2152-24M2160-25D1598/Kaggle_Competition/synthetic_data/synthetic_data/images/image_1028.png,B,B,True
/users/student/pg/pg24/yash.sarang/GNR/GNR638-Group2-24M2152-24M2160-25D1598/Kaggle_Competition/synthetic_data/synthetic_data/images/image_1029.png,B,B,True
/users/student/pg/pg24/yash.sarang/GNR/GNR638-Group2-24M2152-24M2160-25D1598/Kaggle_Competition/synthetic_data/synthetic_data/images/image_1030.png,D,B,False
/users/student/pg/pg24/yash.sarang/GNR/GNR638-Group2-24M2152-24M2160-25D1598/Kaggle_Competition/synthetic_data/synthetic_data/images/image_1031.png,B,B,True
/users/student/pg/pg24/yash.sarang/GNR/GNR638-Group2-24M2152-24M2160-25D1598/Kaggle_Competition/synthetic_data/synthetic_data/images/image_1032.png,B,B,True
/users/student/pg/pg24/yash.sarang/GNR/GNR638-Group2-24M2152-24M2160-25D1598/Kaggle_Competition/synthetic_data/synthetic_data/images/image_1033.png,B,B,True
/users/student/pg/pg24/yash.sarang/GNR/GNR638-Group2-24M2152-24M2160-25D1598/Kaggle_Competition/synthetic_data/synthetic_data/images/image_1034.png,B,B,True
/users/student/pg/pg24/yash.sarang/GNR/GNR638-Group2-24M2152-24M2160-25D1598/Kaggle_Competition/synthetic_data/synthetic_data/images/image_1035.png,B,B,True
/users/student/pg/pg24/yash.sarang/GNR/GNR638-Group2-24M2152-24M2160-25D1598/Kaggle_Competition/synthetic_data/synthetic_data/images/image_1036.png,B,B,True
/users/student/pg/pg24/yash.sarang/GNR/GNR638-Group2-24M2152-24M2160-25D1598/Kaggle_Competition/synthetic_data/synthetic_data/images/image_1037.png,B,B,True
/users/student/pg/pg24/yash.sarang/GNR/GNR638-Group2-24M2152-24M2160-25D1598/Kaggle_Competition/synthetic_data/synthetic_data/images/image_1038.png,B,B,True
/users/student/pg/pg24/yash.sarang/GNR/GNR638-Group2-24M2152-24M2160-25D1598/Kaggle_Competition/synthetic_data/synthetic_data/images/image_1039.png,B,B,True
/users/student/pg/pg24/yash.sarang/GNR/GNR638-Group2-24M2152-24M2160-25D1598/Kaggle_Competition/synthetic_data/synthetic_data/images/image_1040.png,B,B,True
/users/student/pg/pg24/yash.sarang/GNR/GNR638-Group2-24M2152-24M2160-25D1598/Kaggle_Competition/synthetic_data/synthetic_data/images/image_1041.png,B,B,True
/users/student/pg/pg24/yash.sarang/GNR/GNR638-Group2-24M2152-24M2160-25D1598/Kaggle_Competition/synthetic_data/synthetic_data/images/image_1042.png,B,B,True
/users/student/pg/pg24/yash.sarang/GNR/GNR638-Group2-24M2152-24M2160-25D1598/Kaggle_Competition/synthetic_data/synthetic_data/images/image_1043.png,B,B,True
/users/student/pg/pg24/yash.sarang/GNR/GNR638-Group2-24M2152-24M2160-25D1598/Kaggle_Competition/synthetic_data/synthetic_data/images/image_1044.png,C,B,False
/users/student/pg/pg24/yash.sarang/GNR/GNR638-Group2-24M2152-24M2160-25D1598/Kaggle_Competition/synthetic_data/synthetic_data/images/image_1045.png,B,B,True
/users/student/pg/pg24/yash.sarang/GNR/GNR638-Group2-24M2152-24M2160-25D1598/Kaggle_Competition/synthetic_data/synthetic_data/images/image_1046.png,B,B,True
/users/student/pg/pg24/yash.sarang/GNR/GNR638-Group2-24M2152-24M2160-25D1598/Kaggle_Competition/synthetic_data/synthetic_data/images/image_1047.png,B,B,True
/users/student/pg/pg24/yash.sarang/GNR/GNR638-Group2-24M2152-24M2160-25D1598/Kaggle_Competition/synthetic_data/synthetic_data/images/image_1048.png,B,B,True
/users/student/pg/pg24/yash.sarang/GNR/GNR638-Group2-24M2152-24M2160-25D1598/Kaggle_Competition/synthetic_data/synthetic_data/images/image_1049.png,B,B,True
/users/student/pg/pg24/yash.sarang/GNR/GNR638-Group2-24M2152-24M2160-25D1598/Kaggle_Competition/synthetic_data/synthetic_data/images/image_1050.png,A,B,False
/users/student/pg/pg24/yash.sarang/GNR/GNR638-Group2-24M2152-24M2160-25D1598/Kaggle_Competition/synthetic_data/synthetic_data/images/image_1051.png,C,C,True
/users/student/pg/pg24/yash.sarang/GNR/GNR638-Group2-24M2152-24M2160-25D1598/Kaggle_Competition/synthetic_data/synthetic_data/images/image_1052.png,C,C,True
/users/student/pg/pg24/yash.sarang/GNR/GNR638-Group2-24M2152-24M2160-25D1598/Kaggle_Competition/synthetic_data/synthetic_data/images/image_1053.png,C,C,True
/users/student/pg/pg24/yash.sarang/GNR/GNR638-Group2-24M2152-24M2160-25D1598/Kaggle_Competition/synthetic_data/synthetic_data/images/image_1054.png,C,C,True
/users/student/pg/pg24/yash.sarang/GNR/GNR638-Group2-24M2152-24M2160-25D1598/Kaggle_Competition/synthetic_data/synthetic_data/images/image_1055.png,C,C,True
/users/student/pg/pg24/yash.sarang/GNR/GNR638-Group2-24M2152-24M2160-25D1598/Kaggle_Competition/synthetic_data/synthetic_data/images/image_1056.png,C,C,True
/users/student/pg/pg24/yash.sarang/GNR/GNR638-Group2-24M2152-24M2160-25D1598/Kaggle_Competition/synthetic_data/synthetic_data/images/image_1057.png,C,C,True
/users/student/pg/pg24/yash.sarang/GNR/GNR638-Group2-24M2152-24M2160-25D1598/Kaggle_Competition/synthetic_data/synthetic_data/images/image_1058.png,B,C,False
/users/student/pg/pg24/yash.sarang/GNR/GNR638-Group2-24M2152-24M2160-25D1598/Kaggle_Competition/synthetic_data/synthetic_data/images/image_1059.png,C,C,True
/users/student/pg/pg24/yash.sarang/GNR/GNR638-Group2-24M2152-24M2160-25D1598/Kaggle_Competition/synthetic_data/synthetic_data/images/image_1060.png,B,C,False
/users/student/pg/pg24/yash.sarang/GNR/GNR638-Group2-24M2152-24M2160-25D1598/Kaggle_Competition/synthetic_data/synthetic_data/images/image_1061.png,C,C,True
/users/student/pg/pg24/yash.sarang/GNR/GNR638-Group2-24M2152-24M2160-25D1598/Kaggle_Competition/synthetic_data/synthetic_data/images/image_1062.png,C,C,True
/users/student/pg/pg24/yash.sarang/GNR/GNR638-Group2-24M2152-24M2160-25D1598/Kaggle_Competition/synthetic_data/synthetic_data/images/image_1063.png,A,C,False
/users/student/pg/pg24/yash.sarang/GNR/GNR638-Group2-24M2152-24M2160-25D1598/Kaggle_Competition/synthetic_data/synthetic_data/images/image_1064.png,C,C,True
/users/student/pg/pg24/yash.sarang/GNR/GNR638-Group2-24M2152-24M2160-25D1598/Kaggle_Competition/synthetic_data/synthetic_data/images/image_1065.png,C,C,True
/users/student/pg/pg24/yash.sarang/GNR/GNR638-Group2-24M2152-24M2160-25D1598/Kaggle_Competition/synthetic_data/synthetic_data/images/image_1066.png,C,C,True
/users/student/pg/pg24/yash.sarang/GNR/GNR638-Group2-24M2152-24M2160-25D1598/Kaggle_Competition/synthetic_data/synthetic_data/images/image_1067.png,C,C,True
/users/student/pg/pg24/yash.sarang/GNR/GNR638-Group2-24M2152-24M2160-25D1598/Kaggle_Competition/synthetic_data/synthetic_data/images/image_1068.png,C,C,True
/users/student/pg/pg24/yash.sarang/GNR/GNR638-Group2-24M2152-24M2160-25D1598/Kaggle_Competition/synthetic_data/synthetic_data/images/image_1069.png,C,C,True
/users/student/pg/pg24/yash.sarang/GNR/GNR638-Group2-24M2152-24M2160-25D1598/Kaggle_Competition/synthetic_data/synthetic_data/images/image_1070.png,C,C,True
/users/student/pg/pg24/yash.sarang/GNR/GNR638-Group2-24M2152-24M2160-25D1598/Kaggle_Competition/synthetic_data/synthetic_data/images/image_1071.png,C,C,True
/users/student/pg/pg24/yash.sarang/GNR/GNR638-Group2-24M2152-24M2160-25D1598/Kaggle_Competition/synthetic_data/synthetic_data/images/image_1072.png,C,C,True
/users/student/pg/pg24/yash.sarang/GNR/GNR638-Group2-24M2152-24M2160-25D1598/Kaggle_Competition/synthetic_data/synthetic_data/images/image_1073.png,C,C,True
/users/student/pg/pg24/yash.sarang/GNR/GNR638-Group2-24M2152-24M2160-25D1598/Kaggle_Competition/synthetic_data/synthetic_data/images/image_1074.png,C,C,True
/users/student/pg/pg24/yash.sarang/GNR/GNR638-Group2-24M2152-24M2160-25D1598/Kaggle_Competition/synthetic_data/synthetic_data/images/image_1075.png,C,C,True
/users/student/pg/pg24/yash.sarang/GNR/GNR638-Group2-24M2152-24M2160-25D1598/Kaggle_Competition/synthetic_data/synthetic_data/images/image_1076.png,D,D,True
/users/student/pg/pg24/yash.sarang/GNR/GNR638-Group2-24M2152-24M2160-25D1598/Kaggle_Competition/synthetic_data/synthetic_data/images/image_1077.png,D,D,True
/users/student/pg/pg24/yash.sarang/GNR/GNR638-Group2-24M2152-24M2160-25D1598/Kaggle_Competition/synthetic_data/synthetic_data/images/image_1078.png,D,D,True
/users/student/pg/pg24/yash.sarang/GNR/GNR638-Group2-24M2152-24M2160-25D1598/Kaggle_Competition/synthetic_data/synthetic_data/images/image_1079.png,D,D,True
/users/student/pg/pg24/yash.sarang/GNR/GNR638-Group2-24M2152-24M2160-25D1598/Kaggle_Competition/synthetic_data/synthetic_data/images/image_1080.png,D,D,True
/users/student/pg/pg24/yash.sarang/GNR/GNR638-Group2-24M2152-24M2160-25D1598/Kaggle_Competition/synthetic_data/synthetic_data/images/image_1081.png,D,D,True
/users/student/pg/pg24/yash.sarang/GNR/GNR638-Group2-24M2152-24M2160-25D1598/Kaggle_Competition/synthetic_data/synthetic_data/images/image_1082.png,D,D,True
/users/student/pg/pg24/yash.sarang/GNR/GNR638-Group2-24M2152-24M2160-25D1598/Kaggle_Competition/synthetic_data/synthetic_data/images/image_1083.png,D,D,True
/users/student/pg/pg24/yash.sarang/GNR/GNR638-Group2-24M2152-24M2160-25D1598/Kaggle_Competition/synthetic_data/synthetic_data/images/image_1084.png,D,D,True
/users/student/pg/pg24/yash.sarang/GNR/GNR638-Group2-24M2152-24M2160-25D1598/Kaggle_Competition/synthetic_data/synthetic_data/images/image_1085.png,D,D,True
/users/student/pg/pg24/yash.sarang/GNR/GNR638-Group2-24M2152-24M2160-25D1598/Kaggle_Competition/synthetic_data/synthetic_data/images/image_1086.png,D,D,True
/users/student/pg/pg24/yash.sarang/GNR/GNR638-Group2-24M2152-24M2160-25D1598/Kaggle_Competition/synthetic_data/synthetic_data/images/image_1087.png,D,D,True
/users/student/pg/pg24/yash.sarang/GNR/GNR638-Group2-24M2152-24M2160-25D1598/Kaggle_Competition/synthetic_data/synthetic_data/images/image_1088.png,D,D,True
/users/student/pg/pg24/yash.sarang/GNR/GNR638-Group2-24M2152-24M2160-25D1598/Kaggle_Competition/synthetic_data/synthetic_data/images/image_1089.png,D,D,True
/users/student/pg/pg24/yash.sarang/GNR/GNR638-Group2-24M2152-24M2160-25D1598/Kaggle_Competition/synthetic_data/synthetic_data/images/image_1090.png,D,D,True
/users/student/pg/pg24/yash.sarang/GNR/GNR638-Group2-24M2152-24M2160-25D1598/Kaggle_Competition/synthetic_data/synthetic_data/images/image_1091.png,D,D,True
/users/student/pg/pg24/yash.sarang/GNR/GNR638-Group2-24M2152-24M2160-25D1598/Kaggle_Competition/synthetic_data/synthetic_data/images/image_1092.png,D,D,True
/users/student/pg/pg24/yash.sarang/GNR/GNR638-Group2-24M2152-24M2160-25D1598/Kaggle_Competition/synthetic_data/synthetic_data/images/image_1093.png,D,D,True
/users/student/pg/pg24/yash.sarang/GNR/GNR638-Group2-24M2152-24M2160-25D1598/Kaggle_Competition/synthetic_data/synthetic_data/images/image_1094.png,D,D,True
/users/student/pg/pg24/yash.sarang/GNR/GNR638-Group2-24M2152-24M2160-25D1598/Kaggle_Competition/synthetic_data/synthetic_data/images/image_1095.png,D,D,True
/users/student/pg/pg24/yash.sarang/GNR/GNR638-Group2-24M2152-24M2160-25D1598/Kaggle_Competition/synthetic_data/synthetic_data/images/image_1096.png,D,D,True
/users/student/pg/pg24/yash.sarang/GNR/GNR638-Group2-24M2152-24M2160-25D1598/Kaggle_Competition/synthetic_data/synthetic_data/images/image_1097.png,D,D,True
/users/student/pg/pg24/yash.sarang/GNR/GNR638-Group2-24M2152-24M2160-25D1598/Kaggle_Competition/synthetic_data/synthetic_data/images/image_1098.png,D,D,True
/users/student/pg/pg24/yash.sarang/GNR/GNR638-Group2-24M2152-24M2160-25D1598/Kaggle_Competition/synthetic_data/synthetic_data/images/image_1099.png,D,D,True
/users/student/pg/pg24/yash.sarang/GNR/GNR638-Group2-24M2152-24M2160-25D1598/Kaggle_Competition/synthetic_data/synthetic_data/images/image_1100.png,D,D,True
/users/student/pg/pg24/yash.sarang/GNR/GNR638-Group2-24M2152-24M2160-25D1598/Kaggle_Competition/synthetic_data/synthetic_data/images/image_1101.png,A,A,True
/users/student/pg/pg24/yash.sarang/GNR/GNR638-Group2-24M2152-24M2160-25D1598/Kaggle_Competition/synthetic_data/synthetic_data/images/image_1102.png,A,A,True
/users/student/pg/pg24/yash.sarang/GNR/GNR638-Group2-24M2152-24M2160-25D1598/Kaggle_Competition/synthetic_data/synthetic_data/images/image_1103.png,A,A,True
/users/student/pg/pg24/yash.sarang/GNR/GNR638-Group2-24M2152-24M2160-25D1598/Kaggle_Competition/synthetic_data/synthetic_data/images/image_1104.png,A,A,True
/users/student/pg/pg24/yash.sarang/GNR/GNR638-Group2-24M2152-24M2160-25D1598/Kaggle_Competition/synthetic_data/synthetic_data/images/image_1105.png,A,A,True
/users/student/pg/pg24/yash.sarang/GNR/GNR638-Group2-24M2152-24M2160-25D1598/Kaggle_Competition/synthetic_data/synthetic_data/images/image_1106.png,A,A,True
/users/student/pg/pg24/yash.sarang/GNR/GNR638-Group2-24M2152-24M2160-25D1598/Kaggle_Competition/synthetic_data/synthetic_data/images/image_1107.png,A,A,True
/users/student/pg/pg24/yash.sarang/GNR/GNR638-Group2-24M2152-24M2160-25D1598/Kaggle_Competition/synthetic_data/synthetic_data/images/image_1108.png,A,A,True
/users/student/pg/pg24/yash.sarang/GNR/GNR638-Group2-24M2152-24M2160-25D1598/Kaggle_Competition/synthetic_data/synthetic_data/images/image_1109.png,A,A,True
/users/student/pg/pg24/yash.sarang/GNR/GNR638-Group2-24M2152-24M2160-25D1598/Kaggle_Competition/synthetic_data/synthetic_data/images/image_1110.png,A,A,True
/users/student/pg/pg24/yash.sarang/GNR/GNR638-Group2-24M2152-24M2160-25D1598/Kaggle_Competition/synthetic_data/synthetic_data/images/image_1111.png,A,A,True
/users/student/pg/pg24/yash.sarang/GNR/GNR638-Group2-24M2152-24M2160-25D1598/Kaggle_Competition/synthetic_data/synthetic_data/images/image_1112.png,B,A,False
/users/student/pg/pg24/yash.sarang/GNR/GNR638-Group2-24M2152-24M2160-25D1598/Kaggle_Competition/synthetic_data/synthetic_data/images/image_1113.png,A,A,True
/users/student/pg/pg24/yash.sarang/GNR/GNR638-Group2-24M2152-24M2160-25D1598/Kaggle_Competition/synthetic_data/synthetic_data/images/image_1114.png,A,A,True
/users/student/pg/pg24/yash.sarang/GNR/GNR638-Group2-24M2152-24M2160-25D1598/Kaggle_Competition/synthetic_data/synthetic_data/images/image_1115.png,A,A,True
/users/student/pg/pg24/yash.sarang/GNR/GNR638-Group2-24M2152-24M2160-25D1598/Kaggle_Competition/synthetic_data/synthetic_data/images/image_1116.png,A,A,True
/users/student/pg/pg24/yash.sarang/GNR/GNR638-Group2-24M2152-24M2160-25D1598/Kaggle_Competition/synthetic_data/synthetic_data/images/image_1117.png,A,A,True
/users/student/pg/pg24/yash.sarang/GNR/GNR638-Group2-24M2152-24M2160-25D1598/Kaggle_Competition/synthetic_data/synthetic_data/images/image_1118.png,A,A,True
/users/student/pg/pg24/yash.sarang/GNR/GNR638-Group2-24M2152-24M2160-25D1598/Kaggle_Competition/synthetic_data/synthetic_data/images/image_1119.png,A,A,True
/users/student/pg/pg24/yash.sarang/GNR/GNR638-Group2-24M2152-24M2160-25D1598/Kaggle_Competition/synthetic_data/synthetic_data/images/image_1120.png,A,A,True
/users/student/pg/pg24/yash.sarang/GNR/GNR638-Group2-24M2152-24M2160-25D1598/Kaggle_Competition/synthetic_data/synthetic_data/images/image_1121.png,D,A,False
/users/student/pg/pg24/yash.sarang/GNR/GNR638-Group2-24M2152-24M2160-25D1598/Kaggle_Competition/synthetic_data/synthetic_data/images/image_1122.png,A,A,True
/users/student/pg/pg24/yash.sarang/GNR/GNR638-Group2-24M2152-24M2160-25D1598/Kaggle_Competition/synthetic_data/synthetic_data/images/image_1123.png,A,A,True
/users/student/pg/pg24/yash.sarang/GNR/GNR638-Group2-24M2152-24M2160-25D1598/Kaggle_Competition/synthetic_data/synthetic_data/images/image_1124.png,A,A,True
/users/student/pg/pg24/yash.sarang/GNR/GNR638-Group2-24M2152-24M2160-25D1598/Kaggle_Competition/synthetic_data/synthetic_data/images/image_1125.png,A,A,True
/users/student/pg/pg24/yash.sarang/GNR/GNR638-Group2-24M2152-24M2160-25D1598/Kaggle_Competition/synthetic_data/synthetic_data/images/image_1126.png,B,B,True
/users/student/pg/pg24/yash.sarang/GNR/GNR638-Group2-24M2152-24M2160-25D1598/Kaggle_Competition/synthetic_data/synthetic_data/images/image_1127.png,B,B,True
/users/student/pg/pg24/yash.sarang/GNR/GNR638-Group2-24M2152-24M2160-25D1598/Kaggle_Competition/synthetic_data/synthetic_data/images/image_1128.png,B,B,True
/users/student/pg/pg24/yash.sarang/GNR/GNR638-Group2-24M2152-24M2160-25D1598/Kaggle_Competition/synthetic_data/synthetic_data/images/image_1129.png,B,B,True
/users/student/pg/pg24/yash.sarang/GNR/GNR638-Group2-24M2152-24M2160-25D1598/Kaggle_Competition/synthetic_data/synthetic_data/images/image_1130.png,B,B,True
/users/student/pg/pg24/yash.sarang/GNR/GNR638-Group2-24M2152-24M2160-25D1598/Kaggle_Competition/synthetic_data/synthetic_data/images/image_1131.png,B,B,True
/users/student/pg/pg24/yash.sarang/GNR/GNR638-Group2-24M2152-24M2160-25D1598/Kaggle_Competition/synthetic_data/synthetic_data/images/image_1132.png,B,B,True
/users/student/pg/pg24/yash.sarang/GNR/GNR638-Group2-24M2152-24M2160-25D1598/Kaggle_Competition/synthetic_data/synthetic_data/images/image_1133.png,B,B,True
/users/student/pg/pg24/yash.sarang/GNR/GNR638-Group2-24M2152-24M2160-25D1598/Kaggle_Competition/synthetic_data/synthetic_data/images/image_1134.png,A,B,False
/users/student/pg/pg24/yash.sarang/GNR/GNR638-Group2-24M2152-24M2160-25D1598/Kaggle_Competition/synthetic_data/synthetic_data/images/image_1135.png,B,B,True
/users/student/pg/pg24/yash.sarang/GNR/GNR638-Group2-24M2152-24M2160-25D1598/Kaggle_Competition/synthetic_data/synthetic_data/images/image_1136.png,B,B,True
/users/student/pg/pg24/yash.sarang/GNR/GNR638-Group2-24M2152-24M2160-25D1598/Kaggle_Competition/synthetic_data/synthetic_data/images/image_1137.png,B,B,True
/users/student/pg/pg24/yash.sarang/GNR/GNR638-Group2-24M2152-24M2160-25D1598/Kaggle_Competition/synthetic_data/synthetic_data/images/image_1138.png,B,B,True
/users/student/pg/pg24/yash.sarang/GNR/GNR638-Group2-24M2152-24M2160-25D1598/Kaggle_Competition/synthetic_data/synthetic_data/images/image_1139.png,B,B,True
/users/student/pg/pg24/yash.sarang/GNR/GNR638-Group2-24M2152-24M2160-25D1598/Kaggle_Competition/synthetic_data/synthetic_data/images/image_1140.png,B,B,True
/users/student/pg/pg24/yash.sarang/GNR/GNR638-Group2-24M2152-24M2160-25D1598/Kaggle_Competition/synthetic_data/synthetic_data/images/image_1141.png,B,B,True
/users/student/pg/pg24/yash.sarang/GNR/GNR638-Group2-24M2152-24M2160-25D1598/Kaggle_Competition/synthetic_data/synthetic_data/images/image_1142.png,B,B,True
/users/student/pg/pg24/yash.sarang/GNR/GNR638-Group2-24M2152-24M2160-25D1598/Kaggle_Competition/synthetic_data/synthetic_data/images/image_1143.png,B,B,True
/users/student/pg/pg24/yash.sarang/GNR/GNR638-Group2-24M2152-24M2160-25D1598/Kaggle_Competition/synthetic_data/synthetic_data/images/image_1144.png,B,B,True
/users/student/pg/pg24/yash.sarang/GNR/GNR638-Group2-24M2152-24M2160-25D1598/Kaggle_Competition/synthetic_data/synthetic_data/images/image_1145.png,B,B,True
/users/student/pg/pg24/yash.sarang/GNR/GNR638-Group2-24M2152-24M2160-25D1598/Kaggle_Competition/synthetic_data/synthetic_data/images/image_1146.png,B,B,True
/users/student/pg/pg24/yash.sarang/GNR/GNR638-Group2-24M2152-24M2160-25D1598/Kaggle_Competition/synthetic_data/synthetic_data/images/image_1147.png,B,B,True
/users/student/pg/pg24/yash.sarang/GNR/GNR638-Group2-24M2152-24M2160-25D1598/Kaggle_Competition/synthetic_data/synthetic_data/images/image_1148.png,B,B,True
/users/student/pg/pg24/yash.sarang/GNR/GNR638-Group2-24M2152-24M2160-25D1598/Kaggle_Competition/synthetic_data/synthetic_data/images/image_1149.png,B,B,True
/users/student/pg/pg24/yash.sarang/GNR/GNR638-Group2-24M2152-24M2160-25D1598/Kaggle_Competition/synthetic_data/synthetic_data/images/image_1150.png,B,B,True
/users/student/pg/pg24/yash.sarang/GNR/GNR638-Group2-24M2152-24M2160-25D1598/Kaggle_Competition/synthetic_data/synthetic_data/images/image_1151.png,C,C,True
/users/student/pg/pg24/yash.sarang/GNR/GNR638-Group2-24M2152-24M2160-25D1598/Kaggle_Competition/synthetic_data/synthetic_data/images/image_1152.png,C,C,True
/users/student/pg/pg24/yash.sarang/GNR/GNR638-Group2-24M2152-24M2160-25D1598/Kaggle_Competition/synthetic_data/synthetic_data/images/image_1153.png,C,C,True
/users/student/pg/pg24/yash.sarang/GNR/GNR638-Group2-24M2152-24M2160-25D1598/Kaggle_Competition/synthetic_data/synthetic_data/images/image_1154.png,C,C,True
/users/student/pg/pg24/yash.sarang/GNR/GNR638-Group2-24M2152-24M2160-25D1598/Kaggle_Competition/synthetic_data/synthetic_data/images/image_1155.png,C,C,True
/users/student/pg/pg24/yash.sarang/GNR/GNR638-Group2-24M2152-24M2160-25D1598/Kaggle_Competition/synthetic_data/synthetic_data/images/image_1156.png,C,C,True
/users/student/pg/pg24/yash.sarang/GNR/GNR638-Group2-24M2152-24M2160-25D1598/Kaggle_Competition/synthetic_data/synthetic_data/images/image_1157.png,C,C,True
/users/student/pg/pg24/yash.sarang/GNR/GNR638-Group2-24M2152-24M2160-25D1598/Kaggle_Competition/synthetic_data/synthetic_data/images/image_1158.png,C,C,True
/users/student/pg/pg24/yash.sarang/GNR/GNR638-Group2-24M2152-24M2160-25D1598/Kaggle_Competition/synthetic_data/synthetic_data/images/image_1159.png,C,C,True
/users/student/pg/pg24/yash.sarang/GNR/GNR638-Group2-24M2152-24M2160-25D1598/Kaggle_Competition/synthetic_data/synthetic_data/images/image_1160.png,C,C,True
/users/student/pg/pg24/yash.sarang/GNR/GNR638-Group2-24M2152-24M2160-25D1598/Kaggle_Competition/synthetic_data/synthetic_data/images/image_1161.png,C,C,True
/users/student/pg/pg24/yash.sarang/GNR/GNR638-Group2-24M2152-24M2160-25D1598/Kaggle_Competition/synthetic_data/synthetic_data/images/image_1162.png,C,C,True
/users/student/pg/pg24/yash.sarang/GNR/GNR638-Group2-24M2152-24M2160-25D1598/Kaggle_Competition/synthetic_data/synthetic_data/images/image_1163.png,C,C,True
/users/student/pg/pg24/yash.sarang/GNR/GNR638-Group2-24M2152-24M2160-25D1598/Kaggle_Competition/synthetic_data/synthetic_data/images/image_1164.png,C,C,True
/users/student/pg/pg24/yash.sarang/GNR/GNR638-Group2-24M2152-24M2160-25D1598/Kaggle_Competition/synthetic_data/synthetic_data/images/image_1165.png,C,C,True
/users/student/pg/pg24/yash.sarang/GNR/GNR638-Group2-24M2152-24M2160-25D1598/Kaggle_Competition/synthetic_data/synthetic_data/images/image_1166.png,D,C,False
/users/student/pg/pg24/yash.sarang/GNR/GNR638-Group2-24M2152-24M2160-25D1598/Kaggle_Competition/synthetic_data/synthetic_data/images/image_1167.png,D,C,False
/users/student/pg/pg24/yash.sarang/GNR/GNR638-Group2-24M2152-24M2160-25D1598/Kaggle_Competition/synthetic_data/synthetic_data/images/image_1168.png,C,C,True
/users/student/pg/pg24/yash.sarang/GNR/GNR638-Group2-24M2152-24M2160-25D1598/Kaggle_Competition/synthetic_data/synthetic_data/images/image_1169.png,C,C,True
/users/student/pg/pg24/yash.sarang/GNR/GNR638-Group2-24M2152-24M2160-25D1598/Kaggle_Competition/synthetic_data/synthetic_data/images/image_1170.png,C,C,True
/users/student/pg/pg24/yash.sarang/GNR/GNR638-Group2-24M2152-24M2160-25D1598/Kaggle_Competition/synthetic_data/synthetic_data/images/image_1171.png,C,C,True
/users/student/pg/pg24/yash.sarang/GNR/GNR638-Group2-24M2152-24M2160-25D1598/Kaggle_Competition/synthetic_data/synthetic_data/images/image_1172.png,C,C,True
/users/student/pg/pg24/yash.sarang/GNR/GNR638-Group2-24M2152-24M2160-25D1598/Kaggle_Competition/synthetic_data/synthetic_data/images/image_1173.png,C,C,True
/users/student/pg/pg24/yash.sarang/GNR/GNR638-Group2-24M2152-24M2160-25D1598/Kaggle_Competition/synthetic_data/synthetic_data/images/image_1174.png,C,C,True
/users/student/pg/pg24/yash.sarang/GNR/GNR638-Group2-24M2152-24M2160-25D1598/Kaggle_Competition/synthetic_data/synthetic_data/images/image_1175.png,A,C,False
/users/student/pg/pg24/yash.sarang/GNR/GNR638-Group2-24M2152-24M2160-25D1598/Kaggle_Competition/synthetic_data/synthetic_data/images/image_1176.png,D,D,True
/users/student/pg/pg24/yash.sarang/GNR/GNR638-Group2-24M2152-24M2160-25D1598/Kaggle_Competition/synthetic_data/synthetic_data/images/image_1177.png,D,D,True
/users/student/pg/pg24/yash.sarang/GNR/GNR638-Group2-24M2152-24M2160-25D1598/Kaggle_Competition/synthetic_data/synthetic_data/images/image_1178.png,D,D,True
/users/student/pg/pg24/yash.sarang/GNR/GNR638-Group2-24M2152-24M2160-25D1598/Kaggle_Competition/synthetic_data/synthetic_data/images/image_1179.png,D,D,True
/users/student/pg/pg24/yash.sarang/GNR/GNR638-Group2-24M2152-24M2160-25D1598/Kaggle_Competition/synthetic_data/synthetic_data/images/image_1180.png,D,D,True
/users/student/pg/pg24/yash.sarang/GNR/GNR638-Group2-24M2152-24M2160-25D1598/Kaggle_Competition/synthetic_data/synthetic_data/images/image_1181.png,D,D,True
/users/student/pg/pg24/yash.sarang/GNR/GNR638-Group2-24M2152-24M2160-25D1598/Kaggle_Competition/synthetic_data/synthetic_data/images/image_1182.png,D,D,True
/users/student/pg/pg24/yash.sarang/GNR/GNR638-Group2-24M2152-24M2160-25D1598/Kaggle_Competition/synthetic_data/synthetic_data/images/image_1183.png,D,D,True
/users/student/pg/pg24/yash.sarang/GNR/GNR638-Group2-24M2152-24M2160-25D1598/Kaggle_Competition/synthetic_data/synthetic_data/images/image_1184.png,D,D,True
/users/student/pg/pg24/yash.sarang/GNR/GNR638-Group2-24M2152-24M2160-25D1598/Kaggle_Competition/synthetic_data/synthetic_data/images/image_1185.png,D,D,True
/users/student/pg/pg24/yash.sarang/GNR/GNR638-Group2-24M2152-24M2160-25D1598/Kaggle_Competition/synthetic_data/synthetic_data/images/image_1186.png,D,D,True
/users/student/pg/pg24/yash.sarang/GNR/GNR638-Group2-24M2152-24M2160-25D1598/Kaggle_Competition/synthetic_data/synthetic_data/images/image_1187.png,D,D,True
/users/student/pg/pg24/yash.sarang/GNR/GNR638-Group2-24M2152-24M2160-25D1598/Kaggle_Competition/synthetic_data/synthetic_data/images/image_1188.png,D,D,True
/users/student/pg/pg24/yash.sarang/GNR/GNR638-Group2-24M2152-24M2160-25D1598/Kaggle_Competition/synthetic_data/synthetic_data/images/image_1189.png,D,D,True
/users/student/pg/pg24/yash.sarang/GNR/GNR638-Group2-24M2152-24M2160-25D1598/Kaggle_Competition/synthetic_data/synthetic_data/images/image_1190.png,D,D,True
/users/student/pg/pg24/yash.sarang/GNR/GNR638-Group2-24M2152-24M2160-25D1598/Kaggle_Competition/synthetic_data/synthetic_data/images/image_1191.png,D,D,True
/users/student/pg/pg24/yash.sarang/GNR/GNR638-Group2-24M2152-24M2160-25D1598/Kaggle_Competition/synthetic_data/synthetic_data/images/image_1192.png,D,D,True
/users/student/pg/pg24/yash.sarang/GNR/GNR638-Group2-24M2152-24M2160-25D1598/Kaggle_Competition/synthetic_data/synthetic_data/images/image_1193.png,D,D,True
/users/student/pg/pg24/yash.sarang/GNR/GNR638-Group2-24M2152-24M2160-25D1598/Kaggle_Competition/synthetic_data/synthetic_data/images/image_1194.png,D,D,True
/users/student/pg/pg24/yash.sarang/GNR/GNR638-Group2-24M2152-24M2160-25D1598/Kaggle_Competition/synthetic_data/synthetic_data/images/image_1195.png,D,D,True
/users/student/pg/pg24/yash.sarang/GNR/GNR638-Group2-24M2152-24M2160-25D1598/Kaggle_Competition/synthetic_data/synthetic_data/images/image_1196.png,D,D,True
/users/student/pg/pg24/yash.sarang/GNR/GNR638-Group2-24M2152-24M2160-25D1598/Kaggle_Competition/synthetic_data/synthetic_data/images/image_1197.png,D,D,True
/users/student/pg/pg24/yash.sarang/GNR/GNR638-Group2-24M2152-24M2160-25D1598/Kaggle_Competition/synthetic_data/synthetic_data/images/image_1198.png,B,D,False
/users/student/pg/pg24/yash.sarang/GNR/GNR638-Group2-24M2152-24M2160-25D1598/Kaggle_Competition/synthetic_data/synthetic_data/images/image_1199.png,D,D,True
/users/student/pg/pg24/yash.sarang/GNR/GNR638-Group2-24M2152-24M2160-25D1598/Kaggle_Competition/synthetic_data/synthetic_data/images/image_1200.png,D,D,True
/users/student/pg/pg24/yash.sarang/GNR/GNR638-Group2-24M2152-24M2160-25D1598/Kaggle_Competition/synthetic_data/synthetic_data/images/image_1201.png,A,A,True
/users/student/pg/pg24/yash.sarang/GNR/GNR638-Group2-24M2152-24M2160-25D1598/Kaggle_Competition/synthetic_data/synthetic_data/images/image_1202.png,A,A,True
/users/student/pg/pg24/yash.sarang/GNR/GNR638-Group2-24M2152-24M2160-25D1598/Kaggle_Competition/synthetic_data/synthetic_data/images/image_1203.png,D,A,False
/users/student/pg/pg24/yash.sarang/GNR/GNR638-Group2-24M2152-24M2160-25D1598/Kaggle_Competition/synthetic_data/synthetic_data/images/image_1204.png,D,A,False
/users/student/pg/pg24/yash.sarang/GNR/GNR638-Group2-24M2152-24M2160-25D1598/Kaggle_Competition/synthetic_data/synthetic_data/images/image_1205.png,A,A,True
/users/student/pg/pg24/yash.sarang/GNR/GNR638-Group2-24M2152-24M2160-25D1598/Kaggle_Competition/synthetic_data/synthetic_data/images/image_1206.png,D,A,False
/users/student/pg/pg24/yash.sarang/GNR/GNR638-Group2-24M2152-24M2160-25D1598/Kaggle_Competition/synthetic_data/synthetic_data/images/image_1207.png,A,A,True
/users/student/pg/pg24/yash.sarang/GNR/GNR638-Group2-24M2152-24M2160-25D1598/Kaggle_Competition/synthetic_data/synthetic_data/images/image_1208.png,A,A,True
/users/student/pg/pg24/yash.sarang/GNR/GNR638-Group2-24M2152-24M2160-25D1598/Kaggle_Competition/synthetic_data/synthetic_data/images/image_1209.png,D,A,False
/users/student/pg/pg24/yash.sarang/GNR/GNR638-Group2-24M2152-24M2160-25D1598/Kaggle_Competition/synthetic_data/synthetic_data/images/image_1210.png,C,A,False
/users/student/pg/pg24/yash.sarang/GNR/GNR638-Group2-24M2152-24M2160-25D1598/Kaggle_Competition/synthetic_data/synthetic_data/images/image_1211.png,A,A,True
/users/student/pg/pg24/yash.sarang/GNR/GNR638-Group2-24M2152-24M2160-25D1598/Kaggle_Competition/synthetic_data/synthetic_data/images/image_1212.png,A,A,True
/users/student/pg/pg24/yash.sarang/GNR/GNR638-Group2-24M2152-24M2160-25D1598/Kaggle_Competition/synthetic_data/synthetic_data/images/image_1213.png,A,A,True
/users/student/pg/pg24/yash.sarang/GNR/GNR638-Group2-24M2152-24M2160-25D1598/Kaggle_Competition/synthetic_data/synthetic_data/images/image_1214.png,A,A,True
/users/student/pg/pg24/yash.sarang/GNR/GNR638-Group2-24M2152-24M2160-25D1598/Kaggle_Competition/synthetic_data/synthetic_data/images/image_1215.png,B,A,False
/users/student/pg/pg24/yash.sarang/GNR/GNR638-Group2-24M2152-24M2160-25D1598/Kaggle_Competition/synthetic_data/synthetic_data/images/image_1216.png,A,A,True
/users/student/pg/pg24/yash.sarang/GNR/GNR638-Group2-24M2152-24M2160-25D1598/Kaggle_Competition/synthetic_data/synthetic_data/images/image_1217.png,B,A,False
/users/student/pg/pg24/yash.sarang/GNR/GNR638-Group2-24M2152-24M2160-25D1598/Kaggle_Competition/synthetic_data/synthetic_data/images/image_1218.png,A,A,True
/users/student/pg/pg24/yash.sarang/GNR/GNR638-Group2-24M2152-24M2160-25D1598/Kaggle_Competition/synthetic_data/synthetic_data/images/image_1219.png,A,A,True
/users/student/pg/pg24/yash.sarang/GNR/GNR638-Group2-24M2152-24M2160-25D1598/Kaggle_Competition/synthetic_data/synthetic_data/images/image_1220.png,A,A,True
/users/student/pg/pg24/yash.sarang/GNR/GNR638-Group2-24M2152-24M2160-25D1598/Kaggle_Competition/synthetic_data/synthetic_data/images/image_1221.png,D,A,False
/users/student/pg/pg24/yash.sarang/GNR/GNR638-Group2-24M2152-24M2160-25D1598/Kaggle_Competition/synthetic_data/synthetic_data/images/image_1222.png,A,A,True
/users/student/pg/pg24/yash.sarang/GNR/GNR638-Group2-24M2152-24M2160-25D1598/Kaggle_Competition/synthetic_data/synthetic_data/images/image_1223.png,A,A,True
/users/student/pg/pg24/yash.sarang/GNR/GNR638-Group2-24M2152-24M2160-25D1598/Kaggle_Competition/synthetic_data/synthetic_data/images/image_1224.png,D,A,False
/users/student/pg/pg24/yash.sarang/GNR/GNR638-Group2-24M2152-24M2160-25D1598/Kaggle_Competition/synthetic_data/synthetic_data/images/image_1225.png,A,A,True
/users/student/pg/pg24/yash.sarang/GNR/GNR638-Group2-24M2152-24M2160-25D1598/Kaggle_Competition/synthetic_data/synthetic_data/images/image_1226.png,B,B,True
/users/student/pg/pg24/yash.sarang/GNR/GNR638-Group2-24M2152-24M2160-25D1598/Kaggle_Competition/synthetic_data/synthetic_data/images/image_1227.png,B,B,True
/users/student/pg/pg24/yash.sarang/GNR/GNR638-Group2-24M2152-24M2160-25D1598/Kaggle_Competition/synthetic_data/synthetic_data/images/image_1228.png,B,B,True
/users/student/pg/pg24/yash.sarang/GNR/GNR638-Group2-24M2152-24M2160-25D1598/Kaggle_Competition/synthetic_data/synthetic_data/images/image_1229.png,A,B,False
/users/student/pg/pg24/yash.sarang/GNR/GNR638-Group2-24M2152-24M2160-25D1598/Kaggle_Competition/synthetic_data/synthetic_data/images/image_1230.png,B,B,True
/users/student/pg/pg24/yash.sarang/GNR/GNR638-Group2-24M2152-24M2160-25D1598/Kaggle_Competition/synthetic_data/synthetic_data/images/image_1231.png,B,B,True
/users/student/pg/pg24/yash.sarang/GNR/GNR638-Group2-24M2152-24M2160-25D1598/Kaggle_Competition/synthetic_data/synthetic_data/images/image_1232.png,C,B,False
/users/student/pg/pg24/yash.sarang/GNR/GNR638-Group2-24M2152-24M2160-25D1598/Kaggle_Competition/synthetic_data/synthetic_data/images/image_1233.png,B,B,True
/users/student/pg/pg24/yash.sarang/GNR/GNR638-Group2-24M2152-24M2160-25D1598/Kaggle_Competition/synthetic_data/synthetic_data/images/image_1234.png,C,B,False
/users/student/pg/pg24/yash.sarang/GNR/GNR638-Group2-24M2152-24M2160-25D1598/Kaggle_Competition/synthetic_data/synthetic_data/images/image_1235.png,B,B,True
/users/student/pg/pg24/yash.sarang/GNR/GNR638-Group2-24M2152-24M2160-25D1598/Kaggle_Competition/synthetic_data/synthetic_data/images/image_1236.png,A,B,False
/users/student/pg/pg24/yash.sarang/GNR/GNR638-Group2-24M2152-24M2160-25D1598/Kaggle_Competition/synthetic_data/synthetic_data/images/image_1237.png,C,B,False
/users/student/pg/pg24/yash.sarang/GNR/GNR638-Group2-24M2152-24M2160-25D1598/Kaggle_Competition/synthetic_data/synthetic_data/images/image_1238.png,B,B,True
/users/student/pg/pg24/yash.sarang/GNR/GNR638-Group2-24M2152-24M2160-25D1598/Kaggle_Competition/synthetic_data/synthetic_data/images/image_1239.png,B,B,True
/users/student/pg/pg24/yash.sarang/GNR/GNR638-Group2-24M2152-24M2160-25D1598/Kaggle_Competition/synthetic_data/synthetic_data/images/image_1240.png,B,B,True
/users/student/pg/pg24/yash.sarang/GNR/GNR638-Group2-24M2152-24M2160-25D1598/Kaggle_Competition/synthetic_data/synthetic_data/images/image_1241.png,B,B,True
/users/student/pg/pg24/yash.sarang/GNR/GNR638-Group2-24M2152-24M2160-25D1598/Kaggle_Competition/synthetic_data/synthetic_data/images/image_1242.png,B,B,True
/users/student/pg/pg24/yash.sarang/GNR/GNR638-Group2-24M2152-24M2160-25D1598/Kaggle_Competition/synthetic_data/synthetic_data/images/image_1243.png,D,B,False
/users/student/pg/pg24/yash.sarang/GNR/GNR638-Group2-24M2152-24M2160-25D1598/Kaggle_Competition/synthetic_data/synthetic_data/images/image_1244.png,B,B,True
/users/student/pg/pg24/yash.sarang/GNR/GNR638-Group2-24M2152-24M2160-25D1598/Kaggle_Competition/synthetic_data/synthetic_data/images/image_1245.png,B,B,True
/users/student/pg/pg24/yash.sarang/GNR/GNR638-Group2-24M2152-24M2160-25D1598/Kaggle_Competition/synthetic_data/synthetic_data/images/image_1246.png,D,B,False
/users/student/pg/pg24/yash.sarang/GNR/GNR638-Group2-24M2152-24M2160-25D1598/Kaggle_Competition/synthetic_data/synthetic_data/images/image_1247.png,B,B,True
/users/student/pg/pg24/yash.sarang/GNR/GNR638-Group2-24M2152-24M2160-25D1598/Kaggle_Competition/synthetic_data/synthetic_data/images/image_1248.png,D,B,False
/users/student/pg/pg24/yash.sarang/GNR/GNR638-Group2-24M2152-24M2160-25D1598/Kaggle_Competition/synthetic_data/synthetic_data/images/image_1249.png,B,B,True
/users/student/pg/pg24/yash.sarang/GNR/GNR638-Group2-24M2152-24M2160-25D1598/Kaggle_Competition/synthetic_data/synthetic_data/images/image_1250.png,A,B,False
/users/student/pg/pg24/yash.sarang/GNR/GNR638-Group2-24M2152-24M2160-25D1598/Kaggle_Competition/synthetic_data/synthetic_data/images/image_1251.png,C,C,True
/users/student/pg/pg24/yash.sarang/GNR/GNR638-Group2-24M2152-24M2160-25D1598/Kaggle_Competition/synthetic_data/synthetic_data/images/image_1252.png,D,C,False
/users/student/pg/pg24/yash.sarang/GNR/GNR638-Group2-24M2152-24M2160-25D1598/Kaggle_Competition/synthetic_data/synthetic_data/images/image_1253.png,C,C,True
/users/student/pg/pg24/yash.sarang/GNR/GNR638-Group2-24M2152-24M2160-25D1598/Kaggle_Competition/synthetic_data/synthetic_data/images/image_1254.png,C,C,True
/users/student/pg/pg24/yash.sarang/GNR/GNR638-Group2-24M2152-24M2160-25D1598/Kaggle_Competition/synthetic_data/synthetic_data/images/image_1255.png,C,C,True
/users/student/pg/pg24/yash.sarang/GNR/GNR638-Group2-24M2152-24M2160-25D1598/Kaggle_Competition/synthetic_data/synthetic_data/images/image_1256.png,B,C,False
/users/student/pg/pg24/yash.sarang/GNR/GNR638-Group2-24M2152-24M2160-25D1598/Kaggle_Competition/synthetic_data/synthetic_data/images/image_1257.png,C,C,True
/users/student/pg/pg24/yash.sarang/GNR/GNR638-Group2-24M2152-24M2160-25D1598/Kaggle_Competition/synthetic_data/synthetic_data/images/image_1258.png,C,C,True
/users/student/pg/pg24/yash.sarang/GNR/GNR638-Group2-24M2152-24M2160-25D1598/Kaggle_Competition/synthetic_data/synthetic_data/images/image_1259.png,C,C,True
/users/student/pg/pg24/yash.sarang/GNR/GNR638-Group2-24M2152-24M2160-25D1598/Kaggle_Competition/synthetic_data/synthetic_data/images/image_1260.png,C,C,True
/users/student/pg/pg24/yash.sarang/GNR/GNR638-Group2-24M2152-24M2160-25D1598/Kaggle_Competition/synthetic_data/synthetic_data/images/image_1261.png,C,C,True
/users/student/pg/pg24/yash.sarang/GNR/GNR638-Group2-24M2152-24M2160-25D1598/Kaggle_Competition/synthetic_data/synthetic_data/images/image_1262.png,C,C,True
/users/student/pg/pg24/yash.sarang/GNR/GNR638-Group2-24M2152-24M2160-25D1598/Kaggle_Competition/synthetic_data/synthetic_data/images/image_1263.png,C,C,True
/users/student/pg/pg24/yash.sarang/GNR/GNR638-Group2-24M2152-24M2160-25D1598/Kaggle_Competition/synthetic_data/synthetic_data/images/image_1264.png,B,C,False
/users/student/pg/pg24/yash.sarang/GNR/GNR638-Group2-24M2152-24M2160-25D1598/Kaggle_Competition/synthetic_data/synthetic_data/images/image_1265.png,C,C,True
/users/student/pg/pg24/yash.sarang/GNR/GNR638-Group2-24M2152-24M2160-25D1598/Kaggle_Competition/synthetic_data/synthetic_data/images/image_1266.png,A,C,False
/users/student/pg/pg24/yash.sarang/GNR/GNR638-Group2-24M2152-24M2160-25D1598/Kaggle_Competition/synthetic_data/synthetic_data/images/image_1267.png,C,C,True
/users/student/pg/pg24/yash.sarang/GNR/GNR638-Group2-24M2152-24M2160-25D1598/Kaggle_Competition/synthetic_data/synthetic_data/images/image_1268.png,C,C,True
/users/student/pg/pg24/yash.sarang/GNR/GNR638-Group2-24M2152-24M2160-25D1598/Kaggle_Competition/synthetic_data/synthetic_data/images/image_1269.png,C,C,True
/users/student/pg/pg24/yash.sarang/GNR/GNR638-Group2-24M2152-24M2160-25D1598/Kaggle_Competition/synthetic_data/synthetic_data/images/image_1270.png,C,C,True
/users/student/pg/pg24/yash.sarang/GNR/GNR638-Group2-24M2152-24M2160-25D1598/Kaggle_Competition/synthetic_data/synthetic_data/images/image_1271.png,C,C,True
/users/student/pg/pg24/yash.sarang/GNR/GNR638-Group2-24M2152-24M2160-25D1598/Kaggle_Competition/synthetic_data/synthetic_data/images/image_1272.png,D,C,False
/users/student/pg/pg24/yash.sarang/GNR/GNR638-Group2-24M2152-24M2160-25D1598/Kaggle_Competition/synthetic_data/synthetic_data/images/image_1273.png,C,C,True
/users/student/pg/pg24/yash.sarang/GNR/GNR638-Group2-24M2152-24M2160-25D1598/Kaggle_Competition/synthetic_data/synthetic_data/images/image_1274.png,B,C,False
/users/student/pg/pg24/yash.sarang/GNR/GNR638-Group2-24M2152-24M2160-25D1598/Kaggle_Competition/synthetic_data/synthetic_data/images/image_1275.png,C,C,True
/users/student/pg/pg24/yash.sarang/GNR/GNR638-Group2-24M2152-24M2160-25D1598/Kaggle_Competition/synthetic_data/synthetic_data/images/image_1276.png,A,D,False
/users/student/pg/pg24/yash.sarang/GNR/GNR638-Group2-24M2152-24M2160-25D1598/Kaggle_Competition/synthetic_data/synthetic_data/images/image_1277.png,D,D,True
/users/student/pg/pg24/yash.sarang/GNR/GNR638-Group2-24M2152-24M2160-25D1598/Kaggle_Competition/synthetic_data/synthetic_data/images/image_1278.png,D,D,True
/users/student/pg/pg24/yash.sarang/GNR/GNR638-Group2-24M2152-24M2160-25D1598/Kaggle_Competition/synthetic_data/synthetic_data/images/image_1279.png,D,D,True
/users/student/pg/pg24/yash.sarang/GNR/GNR638-Group2-24M2152-24M2160-25D1598/Kaggle_Competition/synthetic_data/synthetic_data/images/image_1280.png,D,D,True
/users/student/pg/pg24/yash.sarang/GNR/GNR638-Group2-24M2152-24M2160-25D1598/Kaggle_Competition/synthetic_data/synthetic_data/images/image_1281.png,A,D,False
/users/student/pg/pg24/yash.sarang/GNR/GNR638-Group2-24M2152-24M2160-25D1598/Kaggle_Competition/synthetic_data/synthetic_data/images/image_1282.png,D,D,True
/users/student/pg/pg24/yash.sarang/GNR/GNR638-Group2-24M2152-24M2160-25D1598/Kaggle_Competition/synthetic_data/synthetic_data/images/image_1283.png,D,D,True
/users/student/pg/pg24/yash.sarang/GNR/GNR638-Group2-24M2152-24M2160-25D1598/Kaggle_Competition/synthetic_data/synthetic_data/images/image_1284.png,D,D,True
/users/student/pg/pg24/yash.sarang/GNR/GNR638-Group2-24M2152-24M2160-25D1598/Kaggle_Competition/synthetic_data/synthetic_data/images/image_1285.png,D,D,True
/users/student/pg/pg24/yash.sarang/GNR/GNR638-Group2-24M2152-24M2160-25D1598/Kaggle_Competition/synthetic_data/synthetic_data/images/image_1286.png,A,D,False
/users/student/pg/pg24/yash.sarang/GNR/GNR638-Group2-24M2152-24M2160-25D1598/Kaggle_Competition/synthetic_data/synthetic_data/images/image_1287.png,D,D,True
/users/student/pg/pg24/yash.sarang/GNR/GNR638-Group2-24M2152-24M2160-25D1598/Kaggle_Competition/synthetic_data/synthetic_data/images/image_1288.png,D,D,True
/users/student/pg/pg24/yash.sarang/GNR/GNR638-Group2-24M2152-24M2160-25D1598/Kaggle_Competition/synthetic_data/synthetic_data/images/image_1289.png,A,D,False
/users/student/pg/pg24/yash.sarang/GNR/GNR638-Group2-24M2152-24M2160-25D1598/Kaggle_Competition/synthetic_data/synthetic_data/images/image_1290.png,D,D,True
/users/student/pg/pg24/yash.sarang/GNR/GNR638-Group2-24M2152-24M2160-25D1598/Kaggle_Competition/synthetic_data/synthetic_data/images/image_1291.png,B,D,False
/users/student/pg/pg24/yash.sarang/GNR/GNR638-Group2-24M2152-24M2160-25D1598/Kaggle_Competition/synthetic_data/synthetic_data/images/image_1292.png,D,D,True
/users/student/pg/pg24/yash.sarang/GNR/GNR638-Group2-24M2152-24M2160-25D1598/Kaggle_Competition/synthetic_data/synthetic_data/images/image_1293.png,C,D,False
/users/student/pg/pg24/yash.sarang/GNR/GNR638-Group2-24M2152-24M2160-25D1598/Kaggle_Competition/synthetic_data/synthetic_data/images/image_1294.png,D,D,True
/users/student/pg/pg24/yash.sarang/GNR/GNR638-Group2-24M2152-24M2160-25D1598/Kaggle_Competition/synthetic_data/synthetic_data/images/image_1295.png,A,D,False
/users/student/pg/pg24/yash.sarang/GNR/GNR638-Group2-24M2152-24M2160-25D1598/Kaggle_Competition/synthetic_data/synthetic_data/images/image_1296.png,D,D,True
/users/student/pg/pg24/yash.sarang/GNR/GNR638-Group2-24M2152-24M2160-25D1598/Kaggle_Competition/synthetic_data/synthetic_data/images/image_1297.png,D,D,True
/users/student/pg/pg24/yash.sarang/GNR/GNR638-Group2-24M2152-24M2160-25D1598/Kaggle_Competition/synthetic_data/synthetic_data/images/image_1298.png,D,D,True
/users/student/pg/pg24/yash.sarang/GNR/GNR638-Group2-24M2152-24M2160-25D1598/Kaggle_Competition/synthetic_data/synthetic_data/images/image_1299.png,C,D,False
/users/student/pg/pg24/yash.sarang/GNR/GNR638-Group2-24M2152-24M2160-25D1598/Kaggle_Competition/synthetic_data/synthetic_data/images/image_1300.png,B,D,False
/users/student/pg/pg24/yash.sarang/GNR/GNR638-Group2-24M2152-24M2160-25D1598/Kaggle_Competition/synthetic_data/synthetic_data/images/image_1301.png,A,A,True
/users/student/pg/pg24/yash.sarang/GNR/GNR638-Group2-24M2152-24M2160-25D1598/Kaggle_Competition/synthetic_data/synthetic_data/images/image_1302.png,A,A,True
/users/student/pg/pg24/yash.sarang/GNR/GNR638-Group2-24M2152-24M2160-25D1598/Kaggle_Competition/synthetic_data/synthetic_data/images/image_1303.png,A,A,True
/users/student/pg/pg24/yash.sarang/GNR/GNR638-Group2-24M2152-24M2160-25D1598/Kaggle_Competition/synthetic_data/synthetic_data/images/image_1304.png,A,A,True
/users/student/pg/pg24/yash.sarang/GNR/GNR638-Group2-24M2152-24M2160-25D1598/Kaggle_Competition/synthetic_data/synthetic_data/images/image_1305.png,C,A,False
/users/student/pg/pg24/yash.sarang/GNR/GNR638-Group2-24M2152-24M2160-25D1598/Kaggle_Competition/synthetic_data/synthetic_data/images/image_1306.png,A,A,True
/users/student/pg/pg24/yash.sarang/GNR/GNR638-Group2-24M2152-24M2160-25D1598/Kaggle_Competition/synthetic_data/synthetic_data/images/image_1307.png,A,A,True
/users/student/pg/pg24/yash.sarang/GNR/GNR638-Group2-24M2152-24M2160-25D1598/Kaggle_Competition/synthetic_data/synthetic_data/images/image_1308.png,A,A,True
/users/student/pg/pg24/yash.sarang/GNR/GNR638-Group2-24M2152-24M2160-25D1598/Kaggle_Competition/synthetic_data/synthetic_data/images/image_1309.png,D,A,False
/users/student/pg/pg24/yash.sarang/GNR/GNR638-Group2-24M2152-24M2160-25D1598/Kaggle_Competition/synthetic_data/synthetic_data/images/image_1310.png,A,A,True
/users/student/pg/pg24/yash.sarang/GNR/GNR638-Group2-24M2152-24M2160-25D1598/Kaggle_Competition/synthetic_data/synthetic_data/images/image_1311.png,A,A,True
/users/student/pg/pg24/yash.sarang/GNR/GNR638-Group2-24M2152-24M2160-25D1598/Kaggle_Competition/synthetic_data/synthetic_data/images/image_1312.png,A,A,True
/users/student/pg/pg24/yash.sarang/GNR/GNR638-Group2-24M2152-24M2160-25D1598/Kaggle_Competition/synthetic_data/synthetic_data/images/image_1313.png,C,A,False
/users/student/pg/pg24/yash.sarang/GNR/GNR638-Group2-24M2152-24M2160-25D1598/Kaggle_Competition/synthetic_data/synthetic_data/images/image_1314.png,A,A,True
/users/student/pg/pg24/yash.sarang/GNR/GNR638-Group2-24M2152-24M2160-25D1598/Kaggle_Competition/synthetic_data/synthetic_data/images/image_1315.png,C,A,False
/users/student/pg/pg24/yash.sarang/GNR/GNR638-Group2-24M2152-24M2160-25D1598/Kaggle_Competition/synthetic_data/synthetic_data/images/image_1316.png,A,A,True
/users/student/pg/pg24/yash.sarang/GNR/GNR638-Group2-24M2152-24M2160-25D1598/Kaggle_Competition/synthetic_data/synthetic_data/images/image_1317.png,A,A,True
/users/student/pg/pg24/yash.sarang/GNR/GNR638-Group2-24M2152-24M2160-25D1598/Kaggle_Competition/synthetic_data/synthetic_data/images/image_1318.png,A,A,True
/users/student/pg/pg24/yash.sarang/GNR/GNR638-Group2-24M2152-24M2160-25D1598/Kaggle_Competition/synthetic_data/synthetic_data/images/image_1319.png,A,A,True
/users/student/pg/pg24/yash.sarang/GNR/GNR638-Group2-24M2152-24M2160-25D1598/Kaggle_Competition/synthetic_data/synthetic_data/images/image_1320.png,A,A,True
/users/student/pg/pg24/yash.sarang/GNR/GNR638-Group2-24M2152-24M2160-25D1598/Kaggle_Competition/synthetic_data/synthetic_data/images/image_1321.png,D,A,False
/users/student/pg/pg24/yash.sarang/GNR/GNR638-Group2-24M2152-24M2160-25D1598/Kaggle_Competition/synthetic_data/synthetic_data/images/image_1322.png,A,A,True
/users/student/pg/pg24/yash.sarang/GNR/GNR638-Group2-24M2152-24M2160-25D1598/Kaggle_Competition/synthetic_data/synthetic_data/images/image_1323.png,A,A,True
/users/student/pg/pg24/yash.sarang/GNR/GNR638-Group2-24M2152-24M2160-25D1598/Kaggle_Competition/synthetic_data/synthetic_data/images/image_1324.png,A,A,True
/users/student/pg/pg24/yash.sarang/GNR/GNR638-Group2-24M2152-24M2160-25D1598/Kaggle_Competition/synthetic_data/synthetic_data/images/image_1325.png,A,A,True
/users/student/pg/pg24/yash.sarang/GNR/GNR638-Group2-24M2152-24M2160-25D1598/Kaggle_Competition/synthetic_data/synthetic_data/images/image_1326.png,B,B,True
/users/student/pg/pg24/yash.sarang/GNR/GNR638-Group2-24M2152-24M2160-25D1598/Kaggle_Competition/synthetic_data/synthetic_data/images/image_1327.png,B,B,True
/users/student/pg/pg24/yash.sarang/GNR/GNR638-Group2-24M2152-24M2160-25D1598/Kaggle_Competition/synthetic_data/synthetic_data/images/image_1328.png,B,B,True
/users/student/pg/pg24/yash.sarang/GNR/GNR638-Group2-24M2152-24M2160-25D1598/Kaggle_Competition/synthetic_data/synthetic_data/images/image_1329.png,B,B,True
/users/student/pg/pg24/yash.sarang/GNR/GNR638-Group2-24M2152-24M2160-25D1598/Kaggle_Competition/synthetic_data/synthetic_data/images/image_1330.png,B,B,True
/users/student/pg/pg24/yash.sarang/GNR/GNR638-Group2-24M2152-24M2160-25D1598/Kaggle_Competition/synthetic_data/synthetic_data/images/image_1331.png,B,B,True
/users/student/pg/pg24/yash.sarang/GNR/GNR638-Group2-24M2152-24M2160-25D1598/Kaggle_Competition/synthetic_data/synthetic_data/images/image_1332.png,B,B,True
/users/student/pg/pg24/yash.sarang/GNR/GNR638-Group2-24M2152-24M2160-25D1598/Kaggle_Competition/synthetic_data/synthetic_data/images/image_1333.png,B,B,True
/users/student/pg/pg24/yash.sarang/GNR/GNR638-Group2-24M2152-24M2160-25D1598/Kaggle_Competition/synthetic_data/synthetic_data/images/image_1334.png,B,B,True
/users/student/pg/pg24/yash.sarang/GNR/GNR638-Group2-24M2152-24M2160-25D1598/Kaggle_Competition/synthetic_data/synthetic_data/images/image_1335.png,B,B,True
/users/student/pg/pg24/yash.sarang/GNR/GNR638-Group2-24M2152-24M2160-25D1598/Kaggle_Competition/synthetic_data/synthetic_data/images/image_1336.png,C,B,False
/users/student/pg/pg24/yash.sarang/GNR/GNR638-Group2-24M2152-24M2160-25D1598/Kaggle_Competition/synthetic_data/synthetic_data/images/image_1337.png,B,B,True
/users/student/pg/pg24/yash.sarang/GNR/GNR638-Group2-24M2152-24M2160-25D1598/Kaggle_Competition/synthetic_data/synthetic_data/images/image_1338.png,D,B,False
/users/student/pg/pg24/yash.sarang/GNR/GNR638-Group2-24M2152-24M2160-25D1598/Kaggle_Competition/synthetic_data/synthetic_data/images/image_1339.png,B,B,True
/users/student/pg/pg24/yash.sarang/GNR/GNR638-Group2-24M2152-24M2160-25D1598/Kaggle_Competition/synthetic_data/synthetic_data/images/image_1340.png,B,B,True
/users/student/pg/pg24/yash.sarang/GNR/GNR638-Group2-24M2152-24M2160-25D1598/Kaggle_Competition/synthetic_data/synthetic_data/images/image_1341.png,B,B,True
/users/student/pg/pg24/yash.sarang/GNR/GNR638-Group2-24M2152-24M2160-25D1598/Kaggle_Competition/synthetic_data/synthetic_data/images/image_1342.png,B,B,True
/users/student/pg/pg24/yash.sarang/GNR/GNR638-Group2-24M2152-24M2160-25D1598/Kaggle_Competition/synthetic_data/synthetic_data/images/image_1343.png,B,B,True
/users/student/pg/pg24/yash.sarang/GNR/GNR638-Group2-24M2152-24M2160-25D1598/Kaggle_Competition/synthetic_data/synthetic_data/images/image_1344.png,B,B,True
/users/student/pg/pg24/yash.sarang/GNR/GNR638-Group2-24M2152-24M2160-25D1598/Kaggle_Competition/synthetic_data/synthetic_data/images/image_1345.png,B,B,True
/users/student/pg/pg24/yash.sarang/GNR/GNR638-Group2-24M2152-24M2160-25D1598/Kaggle_Competition/synthetic_data/synthetic_data/images/image_1346.png,B,B,True
/users/student/pg/pg24/yash.sarang/GNR/GNR638-Group2-24M2152-24M2160-25D1598/Kaggle_Competition/synthetic_data/synthetic_data/images/image_1347.png,B,B,True
/users/student/pg/pg24/yash.sarang/GNR/GNR638-Group2-24M2152-24M2160-25D1598/Kaggle_Competition/synthetic_data/synthetic_data/images/image_1348.png,B,B,True
/users/student/pg/pg24/yash.sarang/GNR/GNR638-Group2-24M2152-24M2160-25D1598/Kaggle_Competition/synthetic_data/synthetic_data/images/image_1349.png,B,B,True
/users/student/pg/pg24/yash.sarang/GNR/GNR638-Group2-24M2152-24M2160-25D1598/Kaggle_Competition/synthetic_data/synthetic_data/images/image_1350.png,B,B,True
/users/student/pg/pg24/yash.sarang/GNR/GNR638-Group2-24M2152-24M2160-25D1598/Kaggle_Competition/synthetic_data/synthetic_data/images/image_1351.png,C,C,True
/users/student/pg/pg24/yash.sarang/GNR/GNR638-Group2-24M2152-24M2160-25D1598/Kaggle_Competition/synthetic_data/synthetic_data/images/image_1352.png,C,C,True
/users/student/pg/pg24/yash.sarang/GNR/GNR638-Group2-24M2152-24M2160-25D1598/Kaggle_Competition/synthetic_data/synthetic_data/images/image_1353.png,C,C,True
/users/student/pg/pg24/yash.sarang/GNR/GNR638-Group2-24M2152-24M2160-25D1598/Kaggle_Competition/synthetic_data/synthetic_data/images/image_1354.png,C,C,True
/users/student/pg/pg24/yash.sarang/GNR/GNR638-Group2-24M2152-24M2160-25D1598/Kaggle_Competition/synthetic_data/synthetic_data/images/image_1355.png,C,C,True
/users/student/pg/pg24/yash.sarang/GNR/GNR638-Group2-24M2152-24M2160-25D1598/Kaggle_Competition/synthetic_data/synthetic_data/images/image_1356.png,C,C,True
/users/student/pg/pg24/yash.sarang/GNR/GNR638-Group2-24M2152-24M2160-25D1598/Kaggle_Competition/synthetic_data/synthetic_data/images/image_1357.png,C,C,True
/users/student/pg/pg24/yash.sarang/GNR/GNR638-Group2-24M2152-24M2160-25D1598/Kaggle_Competition/synthetic_data/synthetic_data/images/image_1358.png,C,C,True
/users/student/pg/pg24/yash.sarang/GNR/GNR638-Group2-24M2152-24M2160-25D1598/Kaggle_Competition/synthetic_data/synthetic_data/images/image_1359.png,C,C,True
/users/student/pg/pg24/yash.sarang/GNR/GNR638-Group2-24M2152-24M2160-25D1598/Kaggle_Competition/synthetic_data/synthetic_data/images/image_1360.png,C,C,True
/users/student/pg/pg24/yash.sarang/GNR/GNR638-Group2-24M2152-24M2160-25D1598/Kaggle_Competition/synthetic_data/synthetic_data/images/image_1361.png,C,C,True
/users/student/pg/pg24/yash.sarang/GNR/GNR638-Group2-24M2152-24M2160-25D1598/Kaggle_Competition/synthetic_data/synthetic_data/images/image_1362.png,C,C,True
/users/student/pg/pg24/yash.sarang/GNR/GNR638-Group2-24M2152-24M2160-25D1598/Kaggle_Competition/synthetic_data/synthetic_data/images/image_1363.png,C,C,True
/users/student/pg/pg24/yash.sarang/GNR/GNR638-Group2-24M2152-24M2160-25D1598/Kaggle_Competition/synthetic_data/synthetic_data/images/image_1364.png,C,C,True
/users/student/pg/pg24/yash.sarang/GNR/GNR638-Group2-24M2152-24M2160-25D1598/Kaggle_Competition/synthetic_data/synthetic_data/images/image_1365.png,C,C,True
/users/student/pg/pg24/yash.sarang/GNR/GNR638-Group2-24M2152-24M2160-25D1598/Kaggle_Competition/synthetic_data/synthetic_data/images/image_1366.png,C,C,True
/users/student/pg/pg24/yash.sarang/GNR/GNR638-Group2-24M2152-24M2160-25D1598/Kaggle_Competition/synthetic_data/synthetic_data/images/image_1367.png,C,C,True
/users/student/pg/pg24/yash.sarang/GNR/GNR638-Group2-24M2152-24M2160-25D1598/Kaggle_Competition/synthetic_data/synthetic_data/images/image_1368.png,C,C,True
/users/student/pg/pg24/yash.sarang/GNR/GNR638-Group2-24M2152-24M2160-25D1598/Kaggle_Competition/synthetic_data/synthetic_data/images/image_1369.png,C,C,True
/users/student/pg/pg24/yash.sarang/GNR/GNR638-Group2-24M2152-24M2160-25D1598/Kaggle_Competition/synthetic_data/synthetic_data/images/image_1370.png,C,C,True
/users/student/pg/pg24/yash.sarang/GNR/GNR638-Group2-24M2152-24M2160-25D1598/Kaggle_Competition/synthetic_data/synthetic_data/images/image_1371.png,C,C,True
/users/student/pg/pg24/yash.sarang/GNR/GNR638-Group2-24M2152-24M2160-25D1598/Kaggle_Competition/synthetic_data/synthetic_data/images/image_1372.png,C,C,True
/users/student/pg/pg24/yash.sarang/GNR/GNR638-Group2-24M2152-24M2160-25D1598/Kaggle_Competition/synthetic_data/synthetic_data/images/image_1373.png,C,C,True
/users/student/pg/pg24/yash.sarang/GNR/GNR638-Group2-24M2152-24M2160-25D1598/Kaggle_Competition/synthetic_data/synthetic_data/images/image_1374.png,C,C,True
/users/student/pg/pg24/yash.sarang/GNR/GNR638-Group2-24M2152-24M2160-25D1598/Kaggle_Competition/synthetic_data/synthetic_data/images/image_1375.png,C,C,True
/users/student/pg/pg24/yash.sarang/GNR/GNR638-Group2-24M2152-24M2160-25D1598/Kaggle_Competition/synthetic_data/synthetic_data/images/image_1376.png,D,D,True
/users/student/pg/pg24/yash.sarang/GNR/GNR638-Group2-24M2152-24M2160-25D1598/Kaggle_Competition/synthetic_data/synthetic_data/images/image_1377.png,D,D,True
/users/student/pg/pg24/yash.sarang/GNR/GNR638-Group2-24M2152-24M2160-25D1598/Kaggle_Competition/synthetic_data/synthetic_data/images/image_1378.png,D,D,True
/users/student/pg/pg24/yash.sarang/GNR/GNR638-Group2-24M2152-24M2160-25D1598/Kaggle_Competition/synthetic_data/synthetic_data/images/image_1379.png,D,D,True
/users/student/pg/pg24/yash.sarang/GNR/GNR638-Group2-24M2152-24M2160-25D1598/Kaggle_Competition/synthetic_data/synthetic_data/images/image_1380.png,B,D,False
/users/student/pg/pg24/yash.sarang/GNR/GNR638-Group2-24M2152-24M2160-25D1598/Kaggle_Competition/synthetic_data/synthetic_data/images/image_1381.png,D,D,True
/users/student/pg/pg24/yash.sarang/GNR/GNR638-Group2-24M2152-24M2160-25D1598/Kaggle_Competition/synthetic_data/synthetic_data/images/image_1382.png,D,D,True
/users/student/pg/pg24/yash.sarang/GNR/GNR638-Group2-24M2152-24M2160-25D1598/Kaggle_Competition/synthetic_data/synthetic_data/images/image_1383.png,B,D,False
/users/student/pg/pg24/yash.sarang/GNR/GNR638-Group2-24M2152-24M2160-25D1598/Kaggle_Competition/synthetic_data/synthetic_data/images/image_1384.png,D,D,True
/users/student/pg/pg24/yash.sarang/GNR/GNR638-Group2-24M2152-24M2160-25D1598/Kaggle_Competition/synthetic_data/synthetic_data/images/image_1385.png,D,D,True
/users/student/pg/pg24/yash.sarang/GNR/GNR638-Group2-24M2152-24M2160-25D1598/Kaggle_Competition/synthetic_data/synthetic_data/images/image_1386.png,D,D,True
/users/student/pg/pg24/yash.sarang/GNR/GNR638-Group2-24M2152-24M2160-25D1598/Kaggle_Competition/synthetic_data/synthetic_data/images/image_1387.png,D,D,True
/users/student/pg/pg24/yash.sarang/GNR/GNR638-Group2-24M2152-24M2160-25D1598/Kaggle_Competition/synthetic_data/synthetic_data/images/image_1388.png,D,D,True
/users/student/pg/pg24/yash.sarang/GNR/GNR638-Group2-24M2152-24M2160-25D1598/Kaggle_Competition/synthetic_data/synthetic_data/images/image_1389.png,D,D,True
/users/student/pg/pg24/yash.sarang/GNR/GNR638-Group2-24M2152-24M2160-25D1598/Kaggle_Competition/synthetic_data/synthetic_data/images/image_1390.png,D,D,True
/users/student/pg/pg24/yash.sarang/GNR/GNR638-Group2-24M2152-24M2160-25D1598/Kaggle_Competition/synthetic_data/synthetic_data/images/image_1391.png,D,D,True
/users/student/pg/pg24/yash.sarang/GNR/GNR638-Group2-24M2152-24M2160-25D1598/Kaggle_Competition/synthetic_data/synthetic_data/images/image_1392.png,D,D,True
/users/student/pg/pg24/yash.sarang/GNR/GNR638-Group2-24M2152-24M2160-25D1598/Kaggle_Competition/synthetic_data/synthetic_data/images/image_1393.png,D,D,True
/users/student/pg/pg24/yash.sarang/GNR/GNR638-Group2-24M2152-24M2160-25D1598/Kaggle_Competition/synthetic_data/synthetic_data/images/image_1394.png,C,D,False
/users/student/pg/pg24/yash.sarang/GNR/GNR638-Group2-24M2152-24M2160-25D1598/Kaggle_Competition/synthetic_data/synthetic_data/images/image_1395.png,D,D,True
/users/student/pg/pg24/yash.sarang/GNR/GNR638-Group2-24M2152-24M2160-25D1598/Kaggle_Competition/synthetic_data/synthetic_data/images/image_1396.png,D,D,True
/users/student/pg/pg24/yash.sarang/GNR/GNR638-Group2-24M2152-24M2160-25D1598/Kaggle_Competition/synthetic_data/synthetic_data/images/image_1397.png,D,D,True
/users/student/pg/pg24/yash.sarang/GNR/GNR638-Group2-24M2152-24M2160-25D1598/Kaggle_Competition/synthetic_data/synthetic_data/images/image_1398.png,D,D,True
/users/student/pg/pg24/yash.sarang/GNR/GNR638-Group2-24M2152-24M2160-25D1598/Kaggle_Competition/synthetic_data/synthetic_data/images/image_1399.png,D,D,True
/users/student/pg/pg24/yash.sarang/GNR/GNR638-Group2-24M2152-24M2160-25D1598/Kaggle_Competition/synthetic_data/synthetic_data/images/image_1400.png,D,D,True
/users/student/pg/pg24/yash.sarang/GNR/GNR638-Group2-24M2152-24M2160-25D1598/Kaggle_Competition/synthetic_data/synthetic_data/images/image_1401.png,A,A,True
/users/student/pg/pg24/yash.sarang/GNR/GNR638-Group2-24M2152-24M2160-25D1598/Kaggle_Competition/synthetic_data/synthetic_data/images/image_1402.png,A,A,True
/users/student/pg/pg24/yash.sarang/GNR/GNR638-Group2-24M2152-24M2160-25D1598/Kaggle_Competition/synthetic_data/synthetic_data/images/image_1403.png,A,A,True
/users/student/pg/pg24/yash.sarang/GNR/GNR638-Group2-24M2152-24M2160-25D1598/Kaggle_Competition/synthetic_data/synthetic_data/images/image_1404.png,A,A,True
/users/student/pg/pg24/yash.sarang/GNR/GNR638-Group2-24M2152-24M2160-25D1598/Kaggle_Competition/synthetic_data/synthetic_data/images/image_1405.png,A,A,True
/users/student/pg/pg24/yash.sarang/GNR/GNR638-Group2-24M2152-24M2160-25D1598/Kaggle_Competition/synthetic_data/synthetic_data/images/image_1406.png,C,A,False
/users/student/pg/pg24/yash.sarang/GNR/GNR638-Group2-24M2152-24M2160-25D1598/Kaggle_Competition/synthetic_data/synthetic_data/images/image_1407.png,A,A,True
/users/student/pg/pg24/yash.sarang/GNR/GNR638-Group2-24M2152-24M2160-25D1598/Kaggle_Competition/synthetic_data/synthetic_data/images/image_1408.png,A,A,True
/users/student/pg/pg24/yash.sarang/GNR/GNR638-Group2-24M2152-24M2160-25D1598/Kaggle_Competition/synthetic_data/synthetic_data/images/image_1409.png,A,A,True
/users/student/pg/pg24/yash.sarang/GNR/GNR638-Group2-24M2152-24M2160-25D1598/Kaggle_Competition/synthetic_data/synthetic_data/images/image_1410.png,A,A,True
/users/student/pg/pg24/yash.sarang/GNR/GNR638-Group2-24M2152-24M2160-25D1598/Kaggle_Competition/synthetic_data/synthetic_data/images/image_1411.png,A,A,True
/users/student/pg/pg24/yash.sarang/GNR/GNR638-Group2-24M2152-24M2160-25D1598/Kaggle_Competition/synthetic_data/synthetic_data/images/image_1412.png,A,A,True
/users/student/pg/pg24/yash.sarang/GNR/GNR638-Group2-24M2152-24M2160-25D1598/Kaggle_Competition/synthetic_data/synthetic_data/images/image_1413.png,A,A,True
/users/student/pg/pg24/yash.sarang/GNR/GNR638-Group2-24M2152-24M2160-25D1598/Kaggle_Competition/synthetic_data/synthetic_data/images/image_1414.png,A,A,True
/users/student/pg/pg24/yash.sarang/GNR/GNR638-Group2-24M2152-24M2160-25D1598/Kaggle_Competition/synthetic_data/synthetic_data/images/image_1415.png,A,A,True
/users/student/pg/pg24/yash.sarang/GNR/GNR638-Group2-24M2152-24M2160-25D1598/Kaggle_Competition/synthetic_data/synthetic_data/images/image_1416.png,A,A,True
/users/student/pg/pg24/yash.sarang/GNR/GNR638-Group2-24M2152-24M2160-25D1598/Kaggle_Competition/synthetic_data/synthetic_data/images/image_1417.png,A,A,True
/users/student/pg/pg24/yash.sarang/GNR/GNR638-Group2-24M2152-24M2160-25D1598/Kaggle_Competition/synthetic_data/synthetic_data/images/image_1418.png,A,A,True
/users/student/pg/pg24/yash.sarang/GNR/GNR638-Group2-24M2152-24M2160-25D1598/Kaggle_Competition/synthetic_data/synthetic_data/images/image_1419.png,C,A,False
/users/student/pg/pg24/yash.sarang/GNR/GNR638-Group2-24M2152-24M2160-25D1598/Kaggle_Competition/synthetic_data/synthetic_data/images/image_1420.png,A,A,True
/users/student/pg/pg24/yash.sarang/GNR/GNR638-Group2-24M2152-24M2160-25D1598/Kaggle_Competition/synthetic_data/synthetic_data/images/image_1421.png,A,A,True
/users/student/pg/pg24/yash.sarang/GNR/GNR638-Group2-24M2152-24M2160-25D1598/Kaggle_Competition/synthetic_data/synthetic_data/images/image_1422.png,A,A,True
/users/student/pg/pg24/yash.sarang/GNR/GNR638-Group2-24M2152-24M2160-25D1598/Kaggle_Competition/synthetic_data/synthetic_data/images/image_1423.png,A,A,True
/users/student/pg/pg24/yash.sarang/GNR/GNR638-Group2-24M2152-24M2160-25D1598/Kaggle_Competition/synthetic_data/synthetic_data/images/image_1424.png,A,A,True
/users/student/pg/pg24/yash.sarang/GNR/GNR638-Group2-24M2152-24M2160-25D1598/Kaggle_Competition/synthetic_data/synthetic_data/images/image_1425.png,A,A,True
/users/student/pg/pg24/yash.sarang/GNR/GNR638-Group2-24M2152-24M2160-25D1598/Kaggle_Competition/synthetic_data/synthetic_data/images/image_1426.png,B,B,True
/users/student/pg/pg24/yash.sarang/GNR/GNR638-Group2-24M2152-24M2160-25D1598/Kaggle_Competition/synthetic_data/synthetic_data/images/image_1427.png,B,B,True
/users/student/pg/pg24/yash.sarang/GNR/GNR638-Group2-24M2152-24M2160-25D1598/Kaggle_Competition/synthetic_data/synthetic_data/images/image_1428.png,B,B,True
/users/student/pg/pg24/yash.sarang/GNR/GNR638-Group2-24M2152-24M2160-25D1598/Kaggle_Competition/synthetic_data/synthetic_data/images/image_1429.png,B,B,True
/users/student/pg/pg24/yash.sarang/GNR/GNR638-Group2-24M2152-24M2160-25D1598/Kaggle_Competition/synthetic_data/synthetic_data/images/image_1430.png,B,B,True
/users/student/pg/pg24/yash.sarang/GNR/GNR638-Group2-24M2152-24M2160-25D1598/Kaggle_Competition/synthetic_data/synthetic_data/images/image_1431.png,B,B,True
/users/student/pg/pg24/yash.sarang/GNR/GNR638-Group2-24M2152-24M2160-25D1598/Kaggle_Competition/synthetic_data/synthetic_data/images/image_1432.png,B,B,True
/users/student/pg/pg24/yash.sarang/GNR/GNR638-Group2-24M2152-24M2160-25D1598/Kaggle_Competition/synthetic_data/synthetic_data/images/image_1433.png,A,B,False
/users/student/pg/pg24/yash.sarang/GNR/GNR638-Group2-24M2152-24M2160-25D1598/Kaggle_Competition/synthetic_data/synthetic_data/images/image_1434.png,B,B,True
/users/student/pg/pg24/yash.sarang/GNR/GNR638-Group2-24M2152-24M2160-25D1598/Kaggle_Competition/synthetic_data/synthetic_data/images/image_1435.png,B,B,True
/users/student/pg/pg24/yash.sarang/GNR/GNR638-Group2-24M2152-24M2160-25D1598/Kaggle_Competition/synthetic_data/synthetic_data/images/image_1436.png,A,B,False
/users/student/pg/pg24/yash.sarang/GNR/GNR638-Group2-24M2152-24M2160-25D1598/Kaggle_Competition/synthetic_data/synthetic_data/images/image_1437.png,B,B,True
/users/student/pg/pg24/yash.sarang/GNR/GNR638-Group2-24M2152-24M2160-25D1598/Kaggle_Competition/synthetic_data/synthetic_data/images/image_1438.png,B,B,True
/users/student/pg/pg24/yash.sarang/GNR/GNR638-Group2-24M2152-24M2160-25D1598/Kaggle_Competition/synthetic_data/synthetic_data/images/image_1439.png,B,B,True
/users/student/pg/pg24/yash.sarang/GNR/GNR638-Group2-24M2152-24M2160-25D1598/Kaggle_Competition/synthetic_data/synthetic_data/images/image_1440.png,B,B,True
/users/student/pg/pg24/yash.sarang/GNR/GNR638-Group2-24M2152-24M2160-25D1598/Kaggle_Competition/synthetic_data/synthetic_data/images/image_1441.png,B,B,True
/users/student/pg/pg24/yash.sarang/GNR/GNR638-Group2-24M2152-24M2160-25D1598/Kaggle_Competition/synthetic_data/synthetic_data/images/image_1442.png,D,B,False
/users/student/pg/pg24/yash.sarang/GNR/GNR638-Group2-24M2152-24M2160-25D1598/Kaggle_Competition/synthetic_data/synthetic_data/images/image_1443.png,B,B,True
/users/student/pg/pg24/yash.sarang/GNR/GNR638-Group2-24M2152-24M2160-25D1598/Kaggle_Competition/synthetic_data/synthetic_data/images/image_1444.png,D,B,False
/users/student/pg/pg24/yash.sarang/GNR/GNR638-Group2-24M2152-24M2160-25D1598/Kaggle_Competition/synthetic_data/synthetic_data/images/image_1445.png,B,B,True
/users/student/pg/pg24/yash.sarang/GNR/GNR638-Group2-24M2152-24M2160-25D1598/Kaggle_Competition/synthetic_data/synthetic_data/images/image_1446.png,B,B,True
/users/student/pg/pg24/yash.sarang/GNR/GNR638-Group2-24M2152-24M2160-25D1598/Kaggle_Competition/synthetic_data/synthetic_data/images/image_1447.png,B,B,True
/users/student/pg/pg24/yash.sarang/GNR/GNR638-Group2-24M2152-24M2160-25D1598/Kaggle_Competition/synthetic_data/synthetic_data/images/image_1448.png,B,B,True
/users/student/pg/pg24/yash.sarang/GNR/GNR638-Group2-24M2152-24M2160-25D1598/Kaggle_Competition/synthetic_data/synthetic_data/images/image_1449.png,B,B,True
/users/student/pg/pg24/yash.sarang/GNR/GNR638-Group2-24M2152-24M2160-25D1598/Kaggle_Competition/synthetic_data/synthetic_data/images/image_1450.png,B,B,True
/users/student/pg/pg24/yash.sarang/GNR/GNR638-Group2-24M2152-24M2160-25D1598/Kaggle_Competition/synthetic_data/synthetic_data/images/image_1451.png,C,C,True
/users/student/pg/pg24/yash.sarang/GNR/GNR638-Group2-24M2152-24M2160-25D1598/Kaggle_Competition/synthetic_data/synthetic_data/images/image_1452.png,C,C,True
/users/student/pg/pg24/yash.sarang/GNR/GNR638-Group2-24M2152-24M2160-25D1598/Kaggle_Competition/synthetic_data/synthetic_data/images/image_1453.png,C,C,True
/users/student/pg/pg24/yash.sarang/GNR/GNR638-Group2-24M2152-24M2160-25D1598/Kaggle_Competition/synthetic_data/synthetic_data/images/image_1454.png,C,C,True
/users/student/pg/pg24/yash.sarang/GNR/GNR638-Group2-24M2152-24M2160-25D1598/Kaggle_Competition/synthetic_data/synthetic_data/images/image_1455.png,C,C,True
/users/student/pg/pg24/yash.sarang/GNR/GNR638-Group2-24M2152-24M2160-25D1598/Kaggle_Competition/synthetic_data/synthetic_data/images/image_1456.png,C,C,True
/users/student/pg/pg24/yash.sarang/GNR/GNR638-Group2-24M2152-24M2160-25D1598/Kaggle_Competition/synthetic_data/synthetic_data/images/image_1457.png,C,C,True
/users/student/pg/pg24/yash.sarang/GNR/GNR638-Group2-24M2152-24M2160-25D1598/Kaggle_Competition/synthetic_data/synthetic_data/images/image_1458.png,C,C,True
/users/student/pg/pg24/yash.sarang/GNR/GNR638-Group2-24M2152-24M2160-25D1598/Kaggle_Competition/synthetic_data/synthetic_data/images/image_1459.png,C,C,True
/users/student/pg/pg24/yash.sarang/GNR/GNR638-Group2-24M2152-24M2160-25D1598/Kaggle_Competition/synthetic_data/synthetic_data/images/image_1460.png,C,C,True
/users/student/pg/pg24/yash.sarang/GNR/GNR638-Group2-24M2152-24M2160-25D1598/Kaggle_Competition/synthetic_data/synthetic_data/images/image_1461.png,C,C,True
/users/student/pg/pg24/yash.sarang/GNR/GNR638-Group2-24M2152-24M2160-25D1598/Kaggle_Competition/synthetic_data/synthetic_data/images/image_1462.png,C,C,True
/users/student/pg/pg24/yash.sarang/GNR/GNR638-Group2-24M2152-24M2160-25D1598/Kaggle_Competition/synthetic_data/synthetic_data/images/image_1463.png,C,C,True
/users/student/pg/pg24/yash.sarang/GNR/GNR638-Group2-24M2152-24M2160-25D1598/Kaggle_Competition/synthetic_data/synthetic_data/images/image_1464.png,A,C,False
/users/student/pg/pg24/yash.sarang/GNR/GNR638-Group2-24M2152-24M2160-25D1598/Kaggle_Competition/synthetic_data/synthetic_data/images/image_1465.png,C,C,True
/users/student/pg/pg24/yash.sarang/GNR/GNR638-Group2-24M2152-24M2160-25D1598/Kaggle_Competition/synthetic_data/synthetic_data/images/image_1466.png,C,C,True
/users/student/pg/pg24/yash.sarang/GNR/GNR638-Group2-24M2152-24M2160-25D1598/Kaggle_Competition/synthetic_data/synthetic_data/images/image_1467.png,C,C,True
/users/student/pg/pg24/yash.sarang/GNR/GNR638-Group2-24M2152-24M2160-25D1598/Kaggle_Competition/synthetic_data/synthetic_data/images/image_1468.png,C,C,True
/users/student/pg/pg24/yash.sarang/GNR/GNR638-Group2-24M2152-24M2160-25D1598/Kaggle_Competition/synthetic_data/synthetic_data/images/image_1469.png,A,C,False
/users/student/pg/pg24/yash.sarang/GNR/GNR638-Group2-24M2152-24M2160-25D1598/Kaggle_Competition/synthetic_data/synthetic_data/images/image_1470.png,C,C,True
/users/student/pg/pg24/yash.sarang/GNR/GNR638-Group2-24M2152-24M2160-25D1598/Kaggle_Competition/synthetic_data/synthetic_data/images/image_1471.png,C,C,True
/users/student/pg/pg24/yash.sarang/GNR/GNR638-Group2-24M2152-24M2160-25D1598/Kaggle_Competition/synthetic_data/synthetic_data/images/image_1472.png,C,C,True
/users/student/pg/pg24/yash.sarang/GNR/GNR638-Group2-24M2152-24M2160-25D1598/Kaggle_Competition/synthetic_data/synthetic_data/images/image_1473.png,C,C,True
/users/student/pg/pg24/yash.sarang/GNR/GNR638-Group2-24M2152-24M2160-25D1598/Kaggle_Competition/synthetic_data/synthetic_data/images/image_1474.png,C,C,True
/users/student/pg/pg24/yash.sarang/GNR/GNR638-Group2-24M2152-24M2160-25D1598/Kaggle_Competition/synthetic_data/synthetic_data/images/image_1475.png,B,C,False
/users/student/pg/pg24/yash.sarang/GNR/GNR638-Group2-24M2152-24M2160-25D1598/Kaggle_Competition/synthetic_data/synthetic_data/images/image_1476.png,D,D,True
/users/student/pg/pg24/yash.sarang/GNR/GNR638-Group2-24M2152-24M2160-25D1598/Kaggle_Competition/synthetic_data/synthetic_data/images/image_1477.png,C,D,False
/users/student/pg/pg24/yash.sarang/GNR/GNR638-Group2-24M2152-24M2160-25D1598/Kaggle_Competition/synthetic_data/synthetic_data/images/image_1478.png,D,D,True
/users/student/pg/pg24/yash.sarang/GNR/GNR638-Group2-24M2152-24M2160-25D1598/Kaggle_Competition/synthetic_data/synthetic_data/images/image_1479.png,D,D,True
/users/student/pg/pg24/yash.sarang/GNR/GNR638-Group2-24M2152-24M2160-25D1598/Kaggle_Competition/synthetic_data/synthetic_data/images/image_1480.png,D,D,True
/users/student/pg/pg24/yash.sarang/GNR/GNR638-Group2-24M2152-24M2160-25D1598/Kaggle_Competition/synthetic_data/synthetic_data/images/image_1481.png,D,D,True
/users/student/pg/pg24/yash.sarang/GNR/GNR638-Group2-24M2152-24M2160-25D1598/Kaggle_Competition/synthetic_data/synthetic_data/images/image_1482.png,D,D,True
/users/student/pg/pg24/yash.sarang/GNR/GNR638-Group2-24M2152-24M2160-25D1598/Kaggle_Competition/synthetic_data/synthetic_data/images/image_1483.png,D,D,True
/users/student/pg/pg24/yash.sarang/GNR/GNR638-Group2-24M2152-24M2160-25D1598/Kaggle_Competition/synthetic_data/synthetic_data/images/image_1484.png,D,D,True
/users/student/pg/pg24/yash.sarang/GNR/GNR638-Group2-24M2152-24M2160-25D1598/Kaggle_Competition/synthetic_data/synthetic_data/images/image_1485.png,D,D,True
/users/student/pg/pg24/yash.sarang/GNR/GNR638-Group2-24M2152-24M2160-25D1598/Kaggle_Competition/synthetic_data/synthetic_data/images/image_1486.png,D,D,True
/users/student/pg/pg24/yash.sarang/GNR/GNR638-Group2-24M2152-24M2160-25D1598/Kaggle_Competition/synthetic_data/synthetic_data/images/image_1487.png,D,D,True
/users/student/pg/pg24/yash.sarang/GNR/GNR638-Group2-24M2152-24M2160-25D1598/Kaggle_Competition/synthetic_data/synthetic_data/images/image_1488.png,D,D,True
/users/student/pg/pg24/yash.sarang/GNR/GNR638-Group2-24M2152-24M2160-25D1598/Kaggle_Competition/synthetic_data/synthetic_data/images/image_1489.png,D,D,True
/users/student/pg/pg24/yash.sarang/GNR/GNR638-Group2-24M2152-24M2160-25D1598/Kaggle_Competition/synthetic_data/synthetic_data/images/image_1490.png,D,D,True
/users/student/pg/pg24/yash.sarang/GNR/GNR638-Group2-24M2152-24M2160-25D1598/Kaggle_Competition/synthetic_data/synthetic_data/images/image_1491.png,D,D,True
/users/student/pg/pg24/yash.sarang/GNR/GNR638-Group2-24M2152-24M2160-25D1598/Kaggle_Competition/synthetic_data/synthetic_data/images/image_1492.png,D,D,True
/users/student/pg/pg24/yash.sarang/GNR/GNR638-Group2-24M2152-24M2160-25D1598/Kaggle_Competition/synthetic_data/synthetic_data/images/image_1493.png,D,D,True
/users/student/pg/pg24/yash.sarang/GNR/GNR638-Group2-24M2152-24M2160-25D1598/Kaggle_Competition/synthetic_data/synthetic_data/images/image_1494.png,D,D,True
/users/student/pg/pg24/yash.sarang/GNR/GNR638-Group2-24M2152-24M2160-25D1598/Kaggle_Competition/synthetic_data/synthetic_data/images/image_1495.png,D,D,True
/users/student/pg/pg24/yash.sarang/GNR/GNR638-Group2-24M2152-24M2160-25D1598/Kaggle_Competition/synthetic_data/synthetic_data/images/image_1496.png,D,D,True
/users/student/pg/pg24/yash.sarang/GNR/GNR638-Group2-24M2152-24M2160-25D1598/Kaggle_Competition/synthetic_data/synthetic_data/images/image_1497.png,D,D,True
/users/student/pg/pg24/yash.sarang/GNR/GNR638-Group2-24M2152-24M2160-25D1598/Kaggle_Competition/synthetic_data/synthetic_data/images/image_1498.png,D,D,True
/users/student/pg/pg24/yash.sarang/GNR/GNR638-Group2-24M2152-24M2160-25D1598/Kaggle_Competition/synthetic_data/synthetic_data/images/image_1499.png,D,D,True
/users/student/pg/pg24/yash.sarang/GNR/GNR638-Group2-24M2152-24M2160-25D1598/Kaggle_Competition/synthetic_data/synthetic_data/images/image_1500.png,D,D,True
/users/student/pg/pg24/yash.sarang/GNR/GNR638-Group2-24M2152-24M2160-25D1598/Kaggle_Competition/synthetic_data/synthetic_data/images/image_1501.png,A,A,True
/users/student/pg/pg24/yash.sarang/GNR/GNR638-Group2-24M2152-24M2160-25D1598/Kaggle_Competition/synthetic_data/synthetic_data/images/image_1502.png,A,A,True
/users/student/pg/pg24/yash.sarang/GNR/GNR638-Group2-24M2152-24M2160-25D1598/Kaggle_Competition/synthetic_data/synthetic_data/images/image_1503.png,A,A,True
/users/student/pg/pg24/yash.sarang/GNR/GNR638-Group2-24M2152-24M2160-25D1598/Kaggle_Competition/synthetic_data/synthetic_data/images/image_1504.png,A,A,True
/users/student/pg/pg24/yash.sarang/GNR/GNR638-Group2-24M2152-24M2160-25D1598/Kaggle_Competition/synthetic_data/synthetic_data/images/image_1505.png,A,A,True
/users/student/pg/pg24/yash.sarang/GNR/GNR638-Group2-24M2152-24M2160-25D1598/Kaggle_Competition/synthetic_data/synthetic_data/images/image_1506.png,A,A,True
/users/student/pg/pg24/yash.sarang/GNR/GNR638-Group2-24M2152-24M2160-25D1598/Kaggle_Competition/synthetic_data/synthetic_data/images/image_1507.png,A,A,True
/users/student/pg/pg24/yash.sarang/GNR/GNR638-Group2-24M2152-24M2160-25D1598/Kaggle_Competition/synthetic_data/synthetic_data/images/image_1508.png,B,A,False
/users/student/pg/pg24/yash.sarang/GNR/GNR638-Group2-24M2152-24M2160-25D1598/Kaggle_Competition/synthetic_data/synthetic_data/images/image_1509.png,A,A,True
/users/student/pg/pg24/yash.sarang/GNR/GNR638-Group2-24M2152-24M2160-25D1598/Kaggle_Competition/synthetic_data/synthetic_data/images/image_1510.png,A,A,True
/users/student/pg/pg24/yash.sarang/GNR/GNR638-Group2-24M2152-24M2160-25D1598/Kaggle_Competition/synthetic_data/synthetic_data/images/image_1511.png,A,A,True
/users/student/pg/pg24/yash.sarang/GNR/GNR638-Group2-24M2152-24M2160-25D1598/Kaggle_Competition/synthetic_data/synthetic_data/images/image_1512.png,D,A,False
/users/student/pg/pg24/yash.sarang/GNR/GNR638-Group2-24M2152-24M2160-25D1598/Kaggle_Competition/synthetic_data/synthetic_data/images/image_1513.png,A,A,True
/users/student/pg/pg24/yash.sarang/GNR/GNR638-Group2-24M2152-24M2160-25D1598/Kaggle_Competition/synthetic_data/synthetic_data/images/image_1514.png,A,A,True
/users/student/pg/pg24/yash.sarang/GNR/GNR638-Group2-24M2152-24M2160-25D1598/Kaggle_Competition/synthetic_data/synthetic_data/images/image_1515.png,B,A,False
/users/student/pg/pg24/yash.sarang/GNR/GNR638-Group2-24M2152-24M2160-25D1598/Kaggle_Competition/synthetic_data/synthetic_data/images/image_1516.png,A,A,True
/users/student/pg/pg24/yash.sarang/GNR/GNR638-Group2-24M2152-24M2160-25D1598/Kaggle_Competition/synthetic_data/synthetic_data/images/image_1517.png,A,A,True
/users/student/pg/pg24/yash.sarang/GNR/GNR638-Group2-24M2152-24M2160-25D1598/Kaggle_Competition/synthetic_data/synthetic_data/images/image_1518.png,B,A,False
/users/student/pg/pg24/yash.sarang/GNR/GNR638-Group2-24M2152-24M2160-25D1598/Kaggle_Competition/synthetic_data/synthetic_data/images/image_1519.png,A,A,True
/users/student/pg/pg24/yash.sarang/GNR/GNR638-Group2-24M2152-24M2160-25D1598/Kaggle_Competition/synthetic_data/synthetic_data/images/image_1520.png,A,A,True
/users/student/pg/pg24/yash.sarang/GNR/GNR638-Group2-24M2152-24M2160-25D1598/Kaggle_Competition/synthetic_data/synthetic_data/images/image_1521.png,C,A,False
/users/student/pg/pg24/yash.sarang/GNR/GNR638-Group2-24M2152-24M2160-25D1598/Kaggle_Competition/synthetic_data/synthetic_data/images/image_1522.png,A,A,True
/users/student/pg/pg24/yash.sarang/GNR/GNR638-Group2-24M2152-24M2160-25D1598/Kaggle_Competition/synthetic_data/synthetic_data/images/image_1523.png,A,A,True
/users/student/pg/pg24/yash.sarang/GNR/GNR638-Group2-24M2152-24M2160-25D1598/Kaggle_Competition/synthetic_data/synthetic_data/images/image_1524.png,B,A,False
/users/student/pg/pg24/yash.sarang/GNR/GNR638-Group2-24M2152-24M2160-25D1598/Kaggle_Competition/synthetic_data/synthetic_data/images/image_1525.png,A,A,True
/users/student/pg/pg24/yash.sarang/GNR/GNR638-Group2-24M2152-24M2160-25D1598/Kaggle_Competition/synthetic_data/synthetic_data/images/image_1526.png,B,B,True
/users/student/pg/pg24/yash.sarang/GNR/GNR638-Group2-24M2152-24M2160-25D1598/Kaggle_Competition/synthetic_data/synthetic_data/images/image_1527.png,A,B,False
/users/student/pg/pg24/yash.sarang/GNR/GNR638-Group2-24M2152-24M2160-25D1598/Kaggle_Competition/synthetic_data/synthetic_data/images/image_1528.png,B,B,True
/users/student/pg/pg24/yash.sarang/GNR/GNR638-Group2-24M2152-24M2160-25D1598/Kaggle_Competition/synthetic_data/synthetic_data/images/image_1529.png,C,B,False
/users/student/pg/pg24/yash.sarang/GNR/GNR638-Group2-24M2152-24M2160-25D1598/Kaggle_Competition/synthetic_data/synthetic_data/images/image_1530.png,B,B,True
/users/student/pg/pg24/yash.sarang/GNR/GNR638-Group2-24M2152-24M2160-25D1598/Kaggle_Competition/synthetic_data/synthetic_data/images/image_1531.png,C,B,False
/users/student/pg/pg24/yash.sarang/GNR/GNR638-Group2-24M2152-24M2160-25D1598/Kaggle_Competition/synthetic_data/synthetic_data/images/image_1532.png,B,B,True
/users/student/pg/pg24/yash.sarang/GNR/GNR638-Group2-24M2152-24M2160-25D1598/Kaggle_Competition/synthetic_data/synthetic_data/images/image_1533.png,B,B,True
/users/student/pg/pg24/yash.sarang/GNR/GNR638-Group2-24M2152-24M2160-25D1598/Kaggle_Competition/synthetic_data/synthetic_data/images/image_1534.png,B,B,True
/users/student/pg/pg24/yash.sarang/GNR/GNR638-Group2-24M2152-24M2160-25D1598/Kaggle_Competition/synthetic_data/synthetic_data/images/image_1535.png,B,B,True
/users/student/pg/pg24/yash.sarang/GNR/GNR638-Group2-24M2152-24M2160-25D1598/Kaggle_Competition/synthetic_data/synthetic_data/images/image_1536.png,B,B,True
/users/student/pg/pg24/yash.sarang/GNR/GNR638-Group2-24M2152-24M2160-25D1598/Kaggle_Competition/synthetic_data/synthetic_data/images/image_1537.png,B,B,True
/users/student/pg/pg24/yash.sarang/GNR/GNR638-Group2-24M2152-24M2160-25D1598/Kaggle_Competition/synthetic_data/synthetic_data/images/image_1538.png,B,B,True
/users/student/pg/pg24/yash.sarang/GNR/GNR638-Group2-24M2152-24M2160-25D1598/Kaggle_Competition/synthetic_data/synthetic_data/images/image_1539.png,B,B,True
/users/student/pg/pg24/yash.sarang/GNR/GNR638-Group2-24M2152-24M2160-25D1598/Kaggle_Competition/synthetic_data/synthetic_data/images/image_1540.png,B,B,True
/users/student/pg/pg24/yash.sarang/GNR/GNR638-Group2-24M2152-24M2160-25D1598/Kaggle_Competition/synthetic_data/synthetic_data/images/image_1541.png,B,B,True
/users/student/pg/pg24/yash.sarang/GNR/GNR638-Group2-24M2152-24M2160-25D1598/Kaggle_Competition/synthetic_data/synthetic_data/images/image_1542.png,B,B,True
/users/student/pg/pg24/yash.sarang/GNR/GNR638-Group2-24M2152-24M2160-25D1598/Kaggle_Competition/synthetic_data/synthetic_data/images/image_1543.png,B,B,True
/users/student/pg/pg24/yash.sarang/GNR/GNR638-Group2-24M2152-24M2160-25D1598/Kaggle_Competition/synthetic_data/synthetic_data/images/image_1544.png,B,B,True
/users/student/pg/pg24/yash.sarang/GNR/GNR638-Group2-24M2152-24M2160-25D1598/Kaggle_Competition/synthetic_data/synthetic_data/images/image_1545.png,B,B,True
/users/student/pg/pg24/yash.sarang/GNR/GNR638-Group2-24M2152-24M2160-25D1598/Kaggle_Competition/synthetic_data/synthetic_data/images/image_1546.png,B,B,True
/users/student/pg/pg24/yash.sarang/GNR/GNR638-Group2-24M2152-24M2160-25D1598/Kaggle_Competition/synthetic_data/synthetic_data/images/image_1547.png,B,B,True
/users/student/pg/pg24/yash.sarang/GNR/GNR638-Group2-24M2152-24M2160-25D1598/Kaggle_Competition/synthetic_data/synthetic_data/images/image_1548.png,B,B,True
/users/student/pg/pg24/yash.sarang/GNR/GNR638-Group2-24M2152-24M2160-25D1598/Kaggle_Competition/synthetic_data/synthetic_data/images/image_1549.png,B,B,True
/users/student/pg/pg24/yash.sarang/GNR/GNR638-Group2-24M2152-24M2160-25D1598/Kaggle_Competition/synthetic_data/synthetic_data/images/image_1550.png,D,B,False
/users/student/pg/pg24/yash.sarang/GNR/GNR638-Group2-24M2152-24M2160-25D1598/Kaggle_Competition/synthetic_data/synthetic_data/images/image_1551.png,C,C,True
/users/student/pg/pg24/yash.sarang/GNR/GNR638-Group2-24M2152-24M2160-25D1598/Kaggle_Competition/synthetic_data/synthetic_data/images/image_1552.png,C,C,True
/users/student/pg/pg24/yash.sarang/GNR/GNR638-Group2-24M2152-24M2160-25D1598/Kaggle_Competition/synthetic_data/synthetic_data/images/image_1553.png,B,C,False
/users/student/pg/pg24/yash.sarang/GNR/GNR638-Group2-24M2152-24M2160-25D1598/Kaggle_Competition/synthetic_data/synthetic_data/images/image_1554.png,C,C,True
/users/student/pg/pg24/yash.sarang/GNR/GNR638-Group2-24M2152-24M2160-25D1598/Kaggle_Competition/synthetic_data/synthetic_data/images/image_1555.png,C,C,True
/users/student/pg/pg24/yash.sarang/GNR/GNR638-Group2-24M2152-24M2160-25D1598/Kaggle_Competition/synthetic_data/synthetic_data/images/image_1556.png,C,C,True
/users/student/pg/pg24/yash.sarang/GNR/GNR638-Group2-24M2152-24M2160-25D1598/Kaggle_Competition/synthetic_data/synthetic_data/images/image_1557.png,C,C,True
/users/student/pg/pg24/yash.sarang/GNR/GNR638-Group2-24M2152-24M2160-25D1598/Kaggle_Competition/synthetic_data/synthetic_data/images/image_1558.png,C,C,True
/users/student/pg/pg24/yash.sarang/GNR/GNR638-Group2-24M2152-24M2160-25D1598/Kaggle_Competition/synthetic_data/synthetic_data/images/image_1559.png,C,C,True
/users/student/pg/pg24/yash.sarang/GNR/GNR638-Group2-24M2152-24M2160-25D1598/Kaggle_Competition/synthetic_data/synthetic_data/images/image_1560.png,C,C,True
/users/student/pg/pg24/yash.sarang/GNR/GNR638-Group2-24M2152-24M2160-25D1598/Kaggle_Competition/synthetic_data/synthetic_data/images/image_1561.png,B,C,False
/users/student/pg/pg24/yash.sarang/GNR/GNR638-Group2-24M2152-24M2160-25D1598/Kaggle_Competition/synthetic_data/synthetic_data/images/image_1562.png,C,C,True
/users/student/pg/pg24/yash.sarang/GNR/GNR638-Group2-24M2152-24M2160-25D1598/Kaggle_Competition/synthetic_data/synthetic_data/images/image_1563.png,C,C,True
/users/student/pg/pg24/yash.sarang/GNR/GNR638-Group2-24M2152-24M2160-25D1598/Kaggle_Competition/synthetic_data/synthetic_data/images/image_1564.png,C,C,True
/users/student/pg/pg24/yash.sarang/GNR/GNR638-Group2-24M2152-24M2160-25D1598/Kaggle_Competition/synthetic_data/synthetic_data/images/image_1565.png,C,C,True
/users/student/pg/pg24/yash.sarang/GNR/GNR638-Group2-24M2152-24M2160-25D1598/Kaggle_Competition/synthetic_data/synthetic_data/images/image_1566.png,C,C,True
/users/student/pg/pg24/yash.sarang/GNR/GNR638-Group2-24M2152-24M2160-25D1598/Kaggle_Competition/synthetic_data/synthetic_data/images/image_1567.png,B,C,False
/users/student/pg/pg24/yash.sarang/GNR/GNR638-Group2-24M2152-24M2160-25D1598/Kaggle_Competition/synthetic_data/synthetic_data/images/image_1568.png,C,C,True
/users/student/pg/pg24/yash.sarang/GNR/GNR638-Group2-24M2152-24M2160-25D1598/Kaggle_Competition/synthetic_data/synthetic_data/images/image_1569.png,C,C,True
/users/student/pg/pg24/yash.sarang/GNR/GNR638-Group2-24M2152-24M2160-25D1598/Kaggle_Competition/synthetic_data/synthetic_data/images/image_1570.png,C,C,True
/users/student/pg/pg24/yash.sarang/GNR/GNR638-Group2-24M2152-24M2160-25D1598/Kaggle_Competition/synthetic_data/synthetic_data/images/image_1571.png,A,C,False
/users/student/pg/pg24/yash.sarang/GNR/GNR638-Group2-24M2152-24M2160-25D1598/Kaggle_Competition/synthetic_data/synthetic_data/images/image_1572.png,C,C,True
/users/student/pg/pg24/yash.sarang/GNR/GNR638-Group2-24M2152-24M2160-25D1598/Kaggle_Competition/synthetic_data/synthetic_data/images/image_1573.png,C,C,True
/users/student/pg/pg24/yash.sarang/GNR/GNR638-Group2-24M2152-24M2160-25D1598/Kaggle_Competition/synthetic_data/synthetic_data/images/image_1574.png,C,C,True
/users/student/pg/pg24/yash.sarang/GNR/GNR638-Group2-24M2152-24M2160-25D1598/Kaggle_Competition/synthetic_data/synthetic_data/images/image_1575.png,C,C,True
/users/student/pg/pg24/yash.sarang/GNR/GNR638-Group2-24M2152-24M2160-25D1598/Kaggle_Competition/synthetic_data/synthetic_data/images/image_1576.png,A,D,False
/users/student/pg/pg24/yash.sarang/GNR/GNR638-Group2-24M2152-24M2160-25D1598/Kaggle_Competition/synthetic_data/synthetic_data/images/image_1577.png,B,D,False
/users/student/pg/pg24/yash.sarang/GNR/GNR638-Group2-24M2152-24M2160-25D1598/Kaggle_Competition/synthetic_data/synthetic_data/images/image_1578.png,D,D,True
/users/student/pg/pg24/yash.sarang/GNR/GNR638-Group2-24M2152-24M2160-25D1598/Kaggle_Competition/synthetic_data/synthetic_data/images/image_1579.png,D,D,True
/users/student/pg/pg24/yash.sarang/GNR/GNR638-Group2-24M2152-24M2160-25D1598/Kaggle_Competition/synthetic_data/synthetic_data/images/image_1580.png,C,D,False
/users/student/pg/pg24/yash.sarang/GNR/GNR638-Group2-24M2152-24M2160-25D1598/Kaggle_Competition/synthetic_data/synthetic_data/images/image_1581.png,D,D,True
/users/student/pg/pg24/yash.sarang/GNR/GNR638-Group2-24M2152-24M2160-25D1598/Kaggle_Competition/synthetic_data/synthetic_data/images/image_1582.png,D,D,True
/users/student/pg/pg24/yash.sarang/GNR/GNR638-Group2-24M2152-24M2160-25D1598/Kaggle_Competition/synthetic_data/synthetic_data/images/image_1583.png,D,D,True
/users/student/pg/pg24/yash.sarang/GNR/GNR638-Group2-24M2152-24M2160-25D1598/Kaggle_Competition/synthetic_data/synthetic_data/images/image_1584.png,D,D,True
/users/student/pg/pg24/yash.sarang/GNR/GNR638-Group2-24M2152-24M2160-25D1598/Kaggle_Competition/synthetic_data/synthetic_data/images/image_1585.png,D,D,True
/users/student/pg/pg24/yash.sarang/GNR/GNR638-Group2-24M2152-24M2160-25D1598/Kaggle_Competition/synthetic_data/synthetic_data/images/image_1586.png,D,D,True
/users/student/pg/pg24/yash.sarang/GNR/GNR638-Group2-24M2152-24M2160-25D1598/Kaggle_Competition/synthetic_data/synthetic_data/images/image_1587.png,D,D,True
/users/student/pg/pg24/yash.sarang/GNR/GNR638-Group2-24M2152-24M2160-25D1598/Kaggle_Competition/synthetic_data/synthetic_data/images/image_1588.png,D,D,True
/users/student/pg/pg24/yash.sarang/GNR/GNR638-Group2-24M2152-24M2160-25D1598/Kaggle_Competition/synthetic_data/synthetic_data/images/image_1589.png,A,D,False
/users/student/pg/pg24/yash.sarang/GNR/GNR638-Group2-24M2152-24M2160-25D1598/Kaggle_Competition/synthetic_data/synthetic_data/images/image_1590.png,D,D,True
/users/student/pg/pg24/yash.sarang/GNR/GNR638-Group2-24M2152-24M2160-25D1598/Kaggle_Competition/synthetic_data/synthetic_data/images/image_1591.png,D,D,True
/users/student/pg/pg24/yash.sarang/GNR/GNR638-Group2-24M2152-24M2160-25D1598/Kaggle_Competition/synthetic_data/synthetic_data/images/image_1592.png,D,D,True
/users/student/pg/pg24/yash.sarang/GNR/GNR638-Group2-24M2152-24M2160-25D1598/Kaggle_Competition/synthetic_data/synthetic_data/images/image_1593.png,D,D,True
/users/student/pg/pg24/yash.sarang/GNR/GNR638-Group2-24M2152-24M2160-25D1598/Kaggle_Competition/synthetic_data/synthetic_data/images/image_1594.png,D,D,True
/users/student/pg/pg24/yash.sarang/GNR/GNR638-Group2-24M2152-24M2160-25D1598/Kaggle_Competition/synthetic_data/synthetic_data/images/image_1595.png,D,D,True
/users/student/pg/pg24/yash.sarang/GNR/GNR638-Group2-24M2152-24M2160-25D1598/Kaggle_Competition/synthetic_data/synthetic_data/images/image_1596.png,D,D,True
/users/student/pg/pg24/yash.sarang/GNR/GNR638-Group2-24M2152-24M2160-25D1598/Kaggle_Competition/synthetic_data/synthetic_data/images/image_1597.png,D,D,True
/users/student/pg/pg24/yash.sarang/GNR/GNR638-Group2-24M2152-24M2160-25D1598/Kaggle_Competition/synthetic_data/synthetic_data/images/image_1598.png,D,D,True
/users/student/pg/pg24/yash.sarang/GNR/GNR638-Group2-24M2152-24M2160-25D1598/Kaggle_Competition/synthetic_data/synthetic_data/images/image_1599.png,D,D,True
/users/student/pg/pg24/yash.sarang/GNR/GNR638-Group2-24M2152-24M2160-25D1598/Kaggle_Competition/synthetic_data/synthetic_data/images/image_1600.png,D,D,True
/users/student/pg/pg24/yash.sarang/GNR/GNR638-Group2-24M2152-24M2160-25D1598/Kaggle_Competition/synthetic_data/synthetic_data/images/image_1601.png,A,A,True
/users/student/pg/pg24/yash.sarang/GNR/GNR638-Group2-24M2152-24M2160-25D1598/Kaggle_Competition/synthetic_data/synthetic_data/images/image_1602.png,A,A,True
/users/student/pg/pg24/yash.sarang/GNR/GNR638-Group2-24M2152-24M2160-25D1598/Kaggle_Competition/synthetic_data/synthetic_data/images/image_1603.png,A,A,True
/users/student/pg/pg24/yash.sarang/GNR/GNR638-Group2-24M2152-24M2160-25D1598/Kaggle_Competition/synthetic_data/synthetic_data/images/image_1604.png,D,A,False
/users/student/pg/pg24/yash.sarang/GNR/GNR638-Group2-24M2152-24M2160-25D1598/Kaggle_Competition/synthetic_data/synthetic_data/images/image_1605.png,A,A,True
/users/student/pg/pg24/yash.sarang/GNR/GNR638-Group2-24M2152-24M2160-25D1598/Kaggle_Competition/synthetic_data/synthetic_data/images/image_1606.png,C,A,False
/users/student/pg/pg24/yash.sarang/GNR/GNR638-Group2-24M2152-24M2160-25D1598/Kaggle_Competition/synthetic_data/synthetic_data/images/image_1607.png,A,A,True
/users/student/pg/pg24/yash.sarang/GNR/GNR638-Group2-24M2152-24M2160-25D1598/Kaggle_Competition/synthetic_data/synthetic_data/images/image_1608.png,A,A,True
/users/student/pg/pg24/yash.sarang/GNR/GNR638-Group2-24M2152-24M2160-25D1598/Kaggle_Competition/synthetic_data/synthetic_data/images/image_1609.png,A,A,True
/users/student/pg/pg24/yash.sarang/GNR/GNR638-Group2-24M2152-24M2160-25D1598/Kaggle_Competition/synthetic_data/synthetic_data/images/image_1610.png,D,A,False
/users/student/pg/pg24/yash.sarang/GNR/GNR638-Group2-24M2152-24M2160-25D1598/Kaggle_Competition/synthetic_data/synthetic_data/images/image_1611.png,A,A,True
/users/student/pg/pg24/yash.sarang/GNR/GNR638-Group2-24M2152-24M2160-25D1598/Kaggle_Competition/synthetic_data/synthetic_data/images/image_1612.png,A,A,True
/users/student/pg/pg24/yash.sarang/GNR/GNR638-Group2-24M2152-24M2160-25D1598/Kaggle_Competition/synthetic_data/synthetic_data/images/image_1613.png,A,A,True
/users/student/pg/pg24/yash.sarang/GNR/GNR638-Group2-24M2152-24M2160-25D1598/Kaggle_Competition/synthetic_data/synthetic_data/images/image_1614.png,A,A,True
/users/student/pg/pg24/yash.sarang/GNR/GNR638-Group2-24M2152-24M2160-25D1598/Kaggle_Competition/synthetic_data/synthetic_data/images/image_1615.png,D,A,False
/users/student/pg/pg24/yash.sarang/GNR/GNR638-Group2-24M2152-24M2160-25D1598/Kaggle_Competition/synthetic_data/synthetic_data/images/image_1616.png,A,A,True
/users/student/pg/pg24/yash.sarang/GNR/GNR638-Group2-24M2152-24M2160-25D1598/Kaggle_Competition/synthetic_data/synthetic_data/images/image_1617.png,A,A,True
/users/student/pg/pg24/yash.sarang/GNR/GNR638-Group2-24M2152-24M2160-25D1598/Kaggle_Competition/synthetic_data/synthetic_data/images/image_1618.png,B,A,False
/users/student/pg/pg24/yash.sarang/GNR/GNR638-Group2-24M2152-24M2160-25D1598/Kaggle_Competition/synthetic_data/synthetic_data/images/image_1619.png,A,A,True
/users/student/pg/pg24/yash.sarang/GNR/GNR638-Group2-24M2152-24M2160-25D1598/Kaggle_Competition/synthetic_data/synthetic_data/images/image_1620.png,A,A,True
/users/student/pg/pg24/yash.sarang/GNR/GNR638-Group2-24M2152-24M2160-25D1598/Kaggle_Competition/synthetic_data/synthetic_data/images/image_1621.png,C,A,False
/users/student/pg/pg24/yash.sarang/GNR/GNR638-Group2-24M2152-24M2160-25D1598/Kaggle_Competition/synthetic_data/synthetic_data/images/image_1622.png,A,A,True
/users/student/pg/pg24/yash.sarang/GNR/GNR638-Group2-24M2152-24M2160-25D1598/Kaggle_Competition/synthetic_data/synthetic_data/images/image_1623.png,A,A,True
/users/student/pg/pg24/yash.sarang/GNR/GNR638-Group2-24M2152-24M2160-25D1598/Kaggle_Competition/synthetic_data/synthetic_data/images/image_1624.png,A,A,True
/users/student/pg/pg24/yash.sarang/GNR/GNR638-Group2-24M2152-24M2160-25D1598/Kaggle_Competition/synthetic_data/synthetic_data/images/image_1625.png,A,A,True
/users/student/pg/pg24/yash.sarang/GNR/GNR638-Group2-24M2152-24M2160-25D1598/Kaggle_Competition/synthetic_data/synthetic_data/images/image_1626.png,B,B,True
/users/student/pg/pg24/yash.sarang/GNR/GNR638-Group2-24M2152-24M2160-25D1598/Kaggle_Competition/synthetic_data/synthetic_data/images/image_1627.png,B,B,True
/users/student/pg/pg24/yash.sarang/GNR/GNR638-Group2-24M2152-24M2160-25D1598/Kaggle_Competition/synthetic_data/synthetic_data/images/image_1628.png,D,B,False
/users/student/pg/pg24/yash.sarang/GNR/GNR638-Group2-24M2152-24M2160-25D1598/Kaggle_Competition/synthetic_data/synthetic_data/images/image_1629.png,A,B,False
/users/student/pg/pg24/yash.sarang/GNR/GNR638-Group2-24M2152-24M2160-25D1598/Kaggle_Competition/synthetic_data/synthetic_data/images/image_1630.png,B,B,True
/users/student/pg/pg24/yash.sarang/GNR/GNR638-Group2-24M2152-24M2160-25D1598/Kaggle_Competition/synthetic_data/synthetic_data/images/image_1631.png,B,B,True
/users/student/pg/pg24/yash.sarang/GNR/GNR638-Group2-24M2152-24M2160-25D1598/Kaggle_Competition/synthetic_data/synthetic_data/images/image_1632.png,B,B,True
/users/student/pg/pg24/yash.sarang/GNR/GNR638-Group2-24M2152-24M2160-25D1598/Kaggle_Competition/synthetic_data/synthetic_data/images/image_1633.png,B,B,True
/users/student/pg/pg24/yash.sarang/GNR/GNR638-Group2-24M2152-24M2160-25D1598/Kaggle_Competition/synthetic_data/synthetic_data/images/image_1634.png,A,B,False
/users/student/pg/pg24/yash.sarang/GNR/GNR638-Group2-24M2152-24M2160-25D1598/Kaggle_Competition/synthetic_data/synthetic_data/images/image_1635.png,B,B,True
/users/student/pg/pg24/yash.sarang/GNR/GNR638-Group2-24M2152-24M2160-25D1598/Kaggle_Competition/synthetic_data/synthetic_data/images/image_1636.png,D,B,False
/users/student/pg/pg24/yash.sarang/GNR/GNR638-Group2-24M2152-24M2160-25D1598/Kaggle_Competition/synthetic_data/synthetic_data/images/image_1637.png,B,B,True
/users/student/pg/pg24/yash.sarang/GNR/GNR638-Group2-24M2152-24M2160-25D1598/Kaggle_Competition/synthetic_data/synthetic_data/images/image_1638.png,B,B,True
/users/student/pg/pg24/yash.sarang/GNR/GNR638-Group2-24M2152-24M2160-25D1598/Kaggle_Competition/synthetic_data/synthetic_data/images/image_1639.png,B,B,True
/users/student/pg/pg24/yash.sarang/GNR/GNR638-Group2-24M2152-24M2160-25D1598/Kaggle_Competition/synthetic_data/synthetic_data/images/image_1640.png,B,B,True
/users/student/pg/pg24/yash.sarang/GNR/GNR638-Group2-24M2152-24M2160-25D1598/Kaggle_Competition/synthetic_data/synthetic_data/images/image_1641.png,C,B,False
/users/student/pg/pg24/yash.sarang/GNR/GNR638-Group2-24M2152-24M2160-25D1598/Kaggle_Competition/synthetic_data/synthetic_data/images/image_1642.png,B,B,True
/users/student/pg/pg24/yash.sarang/GNR/GNR638-Group2-24M2152-24M2160-25D1598/Kaggle_Competition/synthetic_data/synthetic_data/images/image_1643.png,A,B,False
/users/student/pg/pg24/yash.sarang/GNR/GNR638-Group2-24M2152-24M2160-25D1598/Kaggle_Competition/synthetic_data/synthetic_data/images/image_1644.png,B,B,True
/users/student/pg/pg24/yash.sarang/GNR/GNR638-Group2-24M2152-24M2160-25D1598/Kaggle_Competition/synthetic_data/synthetic_data/images/image_1645.png,B,B,True
/users/student/pg/pg24/yash.sarang/GNR/GNR638-Group2-24M2152-24M2160-25D1598/Kaggle_Competition/synthetic_data/synthetic_data/images/image_1646.png,B,B,True
/users/student/pg/pg24/yash.sarang/GNR/GNR638-Group2-24M2152-24M2160-25D1598/Kaggle_Competition/synthetic_data/synthetic_data/images/image_1647.png,B,B,True
/users/student/pg/pg24/yash.sarang/GNR/GNR638-Group2-24M2152-24M2160-25D1598/Kaggle_Competition/synthetic_data/synthetic_data/images/image_1648.png,B,B,True
/users/student/pg/pg24/yash.sarang/GNR/GNR638-Group2-24M2152-24M2160-25D1598/Kaggle_Competition/synthetic_data/synthetic_data/images/image_1649.png,B,B,True
/users/student/pg/pg24/yash.sarang/GNR/GNR638-Group2-24M2152-24M2160-25D1598/Kaggle_Competition/synthetic_data/synthetic_data/images/image_1650.png,A,B,False
/users/student/pg/pg24/yash.sarang/GNR/GNR638-Group2-24M2152-24M2160-25D1598/Kaggle_Competition/synthetic_data/synthetic_data/images/image_1651.png,C,C,True
/users/student/pg/pg24/yash.sarang/GNR/GNR638-Group2-24M2152-24M2160-25D1598/Kaggle_Competition/synthetic_data/synthetic_data/images/image_1652.png,C,C,True
/users/student/pg/pg24/yash.sarang/GNR/GNR638-Group2-24M2152-24M2160-25D1598/Kaggle_Competition/synthetic_data/synthetic_data/images/image_1653.png,C,C,True
/users/student/pg/pg24/yash.sarang/GNR/GNR638-Group2-24M2152-24M2160-25D1598/Kaggle_Competition/synthetic_data/synthetic_data/images/image_1654.png,C,C,True
/users/student/pg/pg24/yash.sarang/GNR/GNR638-Group2-24M2152-24M2160-25D1598/Kaggle_Competition/synthetic_data/synthetic_data/images/image_1655.png,C,C,True
/users/student/pg/pg24/yash.sarang/GNR/GNR638-Group2-24M2152-24M2160-25D1598/Kaggle_Competition/synthetic_data/synthetic_data/images/image_1656.png,C,C,True
/users/student/pg/pg24/yash.sarang/GNR/GNR638-Group2-24M2152-24M2160-25D1598/Kaggle_Competition/synthetic_data/synthetic_data/images/image_1657.png,C,C,True
/users/student/pg/pg24/yash.sarang/GNR/GNR638-Group2-24M2152-24M2160-25D1598/Kaggle_Competition/synthetic_data/synthetic_data/images/image_1658.png,C,C,True
/users/student/pg/pg24/yash.sarang/GNR/GNR638-Group2-24M2152-24M2160-25D1598/Kaggle_Competition/synthetic_data/synthetic_data/images/image_1659.png,C,C,True
/users/student/pg/pg24/yash.sarang/GNR/GNR638-Group2-24M2152-24M2160-25D1598/Kaggle_Competition/synthetic_data/synthetic_data/images/image_1660.png,B,C,False
/users/student/pg/pg24/yash.sarang/GNR/GNR638-Group2-24M2152-24M2160-25D1598/Kaggle_Competition/synthetic_data/synthetic_data/images/image_1661.png,B,C,False
/users/student/pg/pg24/yash.sarang/GNR/GNR638-Group2-24M2152-24M2160-25D1598/Kaggle_Competition/synthetic_data/synthetic_data/images/image_1662.png,C,C,True
/users/student/pg/pg24/yash.sarang/GNR/GNR638-Group2-24M2152-24M2160-25D1598/Kaggle_Competition/synthetic_data/synthetic_data/images/image_1663.png,C,C,True
/users/student/pg/pg24/yash.sarang/GNR/GNR638-Group2-24M2152-24M2160-25D1598/Kaggle_Competition/synthetic_data/synthetic_data/images/image_1664.png,C,C,True
/users/student/pg/pg24/yash.sarang/GNR/GNR638-Group2-24M2152-24M2160-25D1598/Kaggle_Competition/synthetic_data/synthetic_data/images/image_1665.png,C,C,True
/users/student/pg/pg24/yash.sarang/GNR/GNR638-Group2-24M2152-24M2160-25D1598/Kaggle_Competition/synthetic_data/synthetic_data/images/image_1666.png,C,C,True
/users/student/pg/pg24/yash.sarang/GNR/GNR638-Group2-24M2152-24M2160-25D1598/Kaggle_Competition/synthetic_data/synthetic_data/images/image_1667.png,D,C,False
/users/student/pg/pg24/yash.sarang/GNR/GNR638-Group2-24M2152-24M2160-25D1598/Kaggle_Competition/synthetic_data/synthetic_data/images/image_1668.png,C,C,True
/users/student/pg/pg24/yash.sarang/GNR/GNR638-Group2-24M2152-24M2160-25D1598/Kaggle_Competition/synthetic_data/synthetic_data/images/image_1669.png,C,C,True
/users/student/pg/pg24/yash.sarang/GNR/GNR638-Group2-24M2152-24M2160-25D1598/Kaggle_Competition/synthetic_data/synthetic_data/images/image_1670.png,C,C,True
/users/student/pg/pg24/yash.sarang/GNR/GNR638-Group2-24M2152-24M2160-25D1598/Kaggle_Competition/synthetic_data/synthetic_data/images/image_1671.png,D,C,False
/users/student/pg/pg24/yash.sarang/GNR/GNR638-Group2-24M2152-24M2160-25D1598/Kaggle_Competition/synthetic_data/synthetic_data/images/image_1672.png,C,C,True
/users/student/pg/pg24/yash.sarang/GNR/GNR638-Group2-24M2152-24M2160-25D1598/Kaggle_Competition/synthetic_data/synthetic_data/images/image_1673.png,C,C,True
/users/student/pg/pg24/yash.sarang/GNR/GNR638-Group2-24M2152-24M2160-25D1598/Kaggle_Competition/synthetic_data/synthetic_data/images/image_1674.png,C,C,True
/users/student/pg/pg24/yash.sarang/GNR/GNR638-Group2-24M2152-24M2160-25D1598/Kaggle_Competition/synthetic_data/synthetic_data/images/image_1675.png,C,C,True
/users/student/pg/pg24/yash.sarang/GNR/GNR638-Group2-24M2152-24M2160-25D1598/Kaggle_Competition/synthetic_data/synthetic_data/images/image_1676.png,D,D,True
/users/student/pg/pg24/yash.sarang/GNR/GNR638-Group2-24M2152-24M2160-25D1598/Kaggle_Competition/synthetic_data/synthetic_data/images/image_1677.png,D,D,True
/users/student/pg/pg24/yash.sarang/GNR/GNR638-Group2-24M2152-24M2160-25D1598/Kaggle_Competition/synthetic_data/synthetic_data/images/image_1678.png,D,D,True
/users/student/pg/pg24/yash.sarang/GNR/GNR638-Group2-24M2152-24M2160-25D1598/Kaggle_Competition/synthetic_data/synthetic_data/images/image_1679.png,D,D,True
/users/student/pg/pg24/yash.sarang/GNR/GNR638-Group2-24M2152-24M2160-25D1598/Kaggle_Competition/synthetic_data/synthetic_data/images/image_1680.png,D,D,True
/users/student/pg/pg24/yash.sarang/GNR/GNR638-Group2-24M2152-24M2160-25D1598/Kaggle_Competition/synthetic_data/synthetic_data/images/image_1681.png,D,D,True
/users/student/pg/pg24/yash.sarang/GNR/GNR638-Group2-24M2152-24M2160-25D1598/Kaggle_Competition/synthetic_data/synthetic_data/images/image_1682.png,D,D,True
/users/student/pg/pg24/yash.sarang/GNR/GNR638-Group2-24M2152-24M2160-25D1598/Kaggle_Competition/synthetic_data/synthetic_data/images/image_1683.png,D,D,True
/users/student/pg/pg24/yash.sarang/GNR/GNR638-Group2-24M2152-24M2160-25D1598/Kaggle_Competition/synthetic_data/synthetic_data/images/image_1684.png,D,D,True
/users/student/pg/pg24/yash.sarang/GNR/GNR638-Group2-24M2152-24M2160-25D1598/Kaggle_Competition/synthetic_data/synthetic_data/images/image_1685.png,D,D,True
/users/student/pg/pg24/yash.sarang/GNR/GNR638-Group2-24M2152-24M2160-25D1598/Kaggle_Competition/synthetic_data/synthetic_data/images/image_1686.png,D,D,True
/users/student/pg/pg24/yash.sarang/GNR/GNR638-Group2-24M2152-24M2160-25D1598/Kaggle_Competition/synthetic_data/synthetic_data/images/image_1687.png,D,D,True
/users/student/pg/pg24/yash.sarang/GNR/GNR638-Group2-24M2152-24M2160-25D1598/Kaggle_Competition/synthetic_data/synthetic_data/images/image_1688.png,D,D,True
/users/student/pg/pg24/yash.sarang/GNR/GNR638-Group2-24M2152-24M2160-25D1598/Kaggle_Competition/synthetic_data/synthetic_data/images/image_1689.png,D,D,True
/users/student/pg/pg24/yash.sarang/GNR/GNR638-Group2-24M2152-24M2160-25D1598/Kaggle_Competition/synthetic_data/synthetic_data/images/image_1690.png,D,D,True
/users/student/pg/pg24/yash.sarang/GNR/GNR638-Group2-24M2152-24M2160-25D1598/Kaggle_Competition/synthetic_data/synthetic_data/images/image_1691.png,D,D,True
/users/student/pg/pg24/yash.sarang/GNR/GNR638-Group2-24M2152-24M2160-25D1598/Kaggle_Competition/synthetic_data/synthetic_data/images/image_1692.png,A,D,False
/users/student/pg/pg24/yash.sarang/GNR/GNR638-Group2-24M2152-24M2160-25D1598/Kaggle_Competition/synthetic_data/synthetic_data/images/image_1693.png,D,D,True
/users/student/pg/pg24/yash.sarang/GNR/GNR638-Group2-24M2152-24M2160-25D1598/Kaggle_Competition/synthetic_data/synthetic_data/images/image_1694.png,D,D,True
/users/student/pg/pg24/yash.sarang/GNR/GNR638-Group2-24M2152-24M2160-25D1598/Kaggle_Competition/synthetic_data/synthetic_data/images/image_1695.png,D,D,True
/users/student/pg/pg24/yash.sarang/GNR/GNR638-Group2-24M2152-24M2160-25D1598/Kaggle_Competition/synthetic_data/synthetic_data/images/image_1696.png,D,D,True
/users/student/pg/pg24/yash.sarang/GNR/GNR638-Group2-24M2152-24M2160-25D1598/Kaggle_Competition/synthetic_data/synthetic_data/images/image_1697.png,D,D,True
/users/student/pg/pg24/yash.sarang/GNR/GNR638-Group2-24M2152-24M2160-25D1598/Kaggle_Competition/synthetic_data/synthetic_data/images/image_1698.png,C,D,False
/users/student/pg/pg24/yash.sarang/GNR/GNR638-Group2-24M2152-24M2160-25D1598/Kaggle_Competition/synthetic_data/synthetic_data/images/image_1699.png,D,D,True
/users/student/pg/pg24/yash.sarang/GNR/GNR638-Group2-24M2152-24M2160-25D1598/Kaggle_Competition/synthetic_data/synthetic_data/images/image_1700.png,D,D,True
/users/student/pg/pg24/yash.sarang/GNR/GNR638-Group2-24M2152-24M2160-25D1598/Kaggle_Competition/synthetic_data/synthetic_data/images/image_1701.png,A,A,True
/users/student/pg/pg24/yash.sarang/GNR/GNR638-Group2-24M2152-24M2160-25D1598/Kaggle_Competition/synthetic_data/synthetic_data/images/image_1702.png,A,A,True
/users/student/pg/pg24/yash.sarang/GNR/GNR638-Group2-24M2152-24M2160-25D1598/Kaggle_Competition/synthetic_data/synthetic_data/images/image_1703.png,A,A,True
/users/student/pg/pg24/yash.sarang/GNR/GNR638-Group2-24M2152-24M2160-25D1598/Kaggle_Competition/synthetic_data/synthetic_data/images/image_1704.png,B,A,False
/users/student/pg/pg24/yash.sarang/GNR/GNR638-Group2-24M2152-24M2160-25D1598/Kaggle_Competition/synthetic_data/synthetic_data/images/image_1705.png,A,A,True
/users/student/pg/pg24/yash.sarang/GNR/GNR638-Group2-24M2152-24M2160-25D1598/Kaggle_Competition/synthetic_data/synthetic_data/images/image_1706.png,A,A,True
/users/student/pg/pg24/yash.sarang/GNR/GNR638-Group2-24M2152-24M2160-25D1598/Kaggle_Competition/synthetic_data/synthetic_data/images/image_1707.png,A,A,True
/users/student/pg/pg24/yash.sarang/GNR/GNR638-Group2-24M2152-24M2160-25D1598/Kaggle_Competition/synthetic_data/synthetic_data/images/image_1708.png,A,A,True
/users/student/pg/pg24/yash.sarang/GNR/GNR638-Group2-24M2152-24M2160-25D1598/Kaggle_Competition/synthetic_data/synthetic_data/images/image_1709.png,A,A,True
/users/student/pg/pg24/yash.sarang/GNR/GNR638-Group2-24M2152-24M2160-25D1598/Kaggle_Competition/synthetic_data/synthetic_data/images/image_1710.png,A,A,True
/users/student/pg/pg24/yash.sarang/GNR/GNR638-Group2-24M2152-24M2160-25D1598/Kaggle_Competition/synthetic_data/synthetic_data/images/image_1711.png,A,A,True
/users/student/pg/pg24/yash.sarang/GNR/GNR638-Group2-24M2152-24M2160-25D1598/Kaggle_Competition/synthetic_data/synthetic_data/images/image_1712.png,A,A,True
/users/student/pg/pg24/yash.sarang/GNR/GNR638-Group2-24M2152-24M2160-25D1598/Kaggle_Competition/synthetic_data/synthetic_data/images/image_1713.png,A,A,True
/users/student/pg/pg24/yash.sarang/GNR/GNR638-Group2-24M2152-24M2160-25D1598/Kaggle_Competition/synthetic_data/synthetic_data/images/image_1714.png,A,A,True
/users/student/pg/pg24/yash.sarang/GNR/GNR638-Group2-24M2152-24M2160-25D1598/Kaggle_Competition/synthetic_data/synthetic_data/images/image_1715.png,D,A,False
/users/student/pg/pg24/yash.sarang/GNR/GNR638-Group2-24M2152-24M2160-25D1598/Kaggle_Competition/synthetic_data/synthetic_data/images/image_1716.png,A,A,True
/users/student/pg/pg24/yash.sarang/GNR/GNR638-Group2-24M2152-24M2160-25D1598/Kaggle_Competition/synthetic_data/synthetic_data/images/image_1717.png,A,A,True
/users/student/pg/pg24/yash.sarang/GNR/GNR638-Group2-24M2152-24M2160-25D1598/Kaggle_Competition/synthetic_data/synthetic_data/images/image_1718.png,A,A,True
/users/student/pg/pg24/yash.sarang/GNR/GNR638-Group2-24M2152-24M2160-25D1598/Kaggle_Competition/synthetic_data/synthetic_data/images/image_1719.png,A,A,True
/users/student/pg/pg24/yash.sarang/GNR/GNR638-Group2-24M2152-24M2160-25D1598/Kaggle_Competition/synthetic_data/synthetic_data/images/image_1720.png,A,A,True
/users/student/pg/pg24/yash.sarang/GNR/GNR638-Group2-24M2152-24M2160-25D1598/Kaggle_Competition/synthetic_data/synthetic_data/images/image_1721.png,A,A,True
/users/student/pg/pg24/yash.sarang/GNR/GNR638-Group2-24M2152-24M2160-25D1598/Kaggle_Competition/synthetic_data/synthetic_data/images/image_1722.png,A,A,True
/users/student/pg/pg24/yash.sarang/GNR/GNR638-Group2-24M2152-24M2160-25D1598/Kaggle_Competition/synthetic_data/synthetic_data/images/image_1723.png,A,A,True
/users/student/pg/pg24/yash.sarang/GNR/GNR638-Group2-24M2152-24M2160-25D1598/Kaggle_Competition/synthetic_data/synthetic_data/images/image_1724.png,A,A,True
/users/student/pg/pg24/yash.sarang/GNR/GNR638-Group2-24M2152-24M2160-25D1598/Kaggle_Competition/synthetic_data/synthetic_data/images/image_1725.png,A,A,True
/users/student/pg/pg24/yash.sarang/GNR/GNR638-Group2-24M2152-24M2160-25D1598/Kaggle_Competition/synthetic_data/synthetic_data/images/image_1726.png,B,B,True
/users/student/pg/pg24/yash.sarang/GNR/GNR638-Group2-24M2152-24M2160-25D1598/Kaggle_Competition/synthetic_data/synthetic_data/images/image_1727.png,B,B,True
/users/student/pg/pg24/yash.sarang/GNR/GNR638-Group2-24M2152-24M2160-25D1598/Kaggle_Competition/synthetic_data/synthetic_data/images/image_1728.png,A,B,False
/users/student/pg/pg24/yash.sarang/GNR/GNR638-Group2-24M2152-24M2160-25D1598/Kaggle_Competition/synthetic_data/synthetic_data/images/image_1729.png,B,B,True
/users/student/pg/pg24/yash.sarang/GNR/GNR638-Group2-24M2152-24M2160-25D1598/Kaggle_Competition/synthetic_data/synthetic_data/images/image_1730.png,B,B,True
/users/student/pg/pg24/yash.sarang/GNR/GNR638-Group2-24M2152-24M2160-25D1598/Kaggle_Competition/synthetic_data/synthetic_data/images/image_1731.png,B,B,True
/users/student/pg/pg24/yash.sarang/GNR/GNR638-Group2-24M2152-24M2160-25D1598/Kaggle_Competition/synthetic_data/synthetic_data/images/image_1732.png,B,B,True
/users/student/pg/pg24/yash.sarang/GNR/GNR638-Group2-24M2152-24M2160-25D1598/Kaggle_Competition/synthetic_data/synthetic_data/images/image_1733.png,B,B,True
/users/student/pg/pg24/yash.sarang/GNR/GNR638-Group2-24M2152-24M2160-25D1598/Kaggle_Competition/synthetic_data/synthetic_data/images/image_1734.png,B,B,True
/users/student/pg/pg24/yash.sarang/GNR/GNR638-Group2-24M2152-24M2160-25D1598/Kaggle_Competition/synthetic_data/synthetic_data/images/image_1735.png,B,B,True
/users/student/pg/pg24/yash.sarang/GNR/GNR638-Group2-24M2152-24M2160-25D1598/Kaggle_Competition/synthetic_data/synthetic_data/images/image_1736.png,C,B,False
/users/student/pg/pg24/yash.sarang/GNR/GNR638-Group2-24M2152-24M2160-25D1598/Kaggle_Competition/synthetic_data/synthetic_data/images/image_1737.png,B,B,True
/users/student/pg/pg24/yash.sarang/GNR/GNR638-Group2-24M2152-24M2160-25D1598/Kaggle_Competition/synthetic_data/synthetic_data/images/image_1738.png,A,B,False
/users/student/pg/pg24/yash.sarang/GNR/GNR638-Group2-24M2152-24M2160-25D1598/Kaggle_Competition/synthetic_data/synthetic_data/images/image_1739.png,B,B,True
/users/student/pg/pg24/yash.sarang/GNR/GNR638-Group2-24M2152-24M2160-25D1598/Kaggle_Competition/synthetic_data/synthetic_data/images/image_1740.png,B,B,True
/users/student/pg/pg24/yash.sarang/GNR/GNR638-Group2-24M2152-24M2160-25D1598/Kaggle_Competition/synthetic_data/synthetic_data/images/image_1741.png,B,B,True
/users/student/pg/pg24/yash.sarang/GNR/GNR638-Group2-24M2152-24M2160-25D1598/Kaggle_Competition/synthetic_data/synthetic_data/images/image_1742.png,B,B,True
/users/student/pg/pg24/yash.sarang/GNR/GNR638-Group2-24M2152-24M2160-25D1598/Kaggle_Competition/synthetic_data/synthetic_data/images/image_1743.png,B,B,True
/users/student/pg/pg24/yash.sarang/GNR/GNR638-Group2-24M2152-24M2160-25D1598/Kaggle_Competition/synthetic_data/synthetic_data/images/image_1744.png,B,B,True
/users/student/pg/pg24/yash.sarang/GNR/GNR638-Group2-24M2152-24M2160-25D1598/Kaggle_Competition/synthetic_data/synthetic_data/images/image_1745.png,B,B,True
/users/student/pg/pg24/yash.sarang/GNR/GNR638-Group2-24M2152-24M2160-25D1598/Kaggle_Competition/synthetic_data/synthetic_data/images/image_1746.png,B,B,True
/users/student/pg/pg24/yash.sarang/GNR/GNR638-Group2-24M2152-24M2160-25D1598/Kaggle_Competition/synthetic_data/synthetic_data/images/image_1747.png,B,B,True
/users/student/pg/pg24/yash.sarang/GNR/GNR638-Group2-24M2152-24M2160-25D1598/Kaggle_Competition/synthetic_data/synthetic_data/images/image_1748.png,B,B,True
/users/student/pg/pg24/yash.sarang/GNR/GNR638-Group2-24M2152-24M2160-25D1598/Kaggle_Competition/synthetic_data/synthetic_data/images/image_1749.png,B,B,True
/users/student/pg/pg24/yash.sarang/GNR/GNR638-Group2-24M2152-24M2160-25D1598/Kaggle_Competition/synthetic_data/synthetic_data/images/image_1750.png,B,B,True
/users/student/pg/pg24/yash.sarang/GNR/GNR638-Group2-24M2152-24M2160-25D1598/Kaggle_Competition/synthetic_data/synthetic_data/images/image_1751.png,C,C,True
/users/student/pg/pg24/yash.sarang/GNR/GNR638-Group2-24M2152-24M2160-25D1598/Kaggle_Competition/synthetic_data/synthetic_data/images/image_1752.png,C,C,True
/users/student/pg/pg24/yash.sarang/GNR/GNR638-Group2-24M2152-24M2160-25D1598/Kaggle_Competition/synthetic_data/synthetic_data/images/image_1753.png,C,C,True
/users/student/pg/pg24/yash.sarang/GNR/GNR638-Group2-24M2152-24M2160-25D1598/Kaggle_Competition/synthetic_data/synthetic_data/images/image_1754.png,C,C,True
/users/student/pg/pg24/yash.sarang/GNR/GNR638-Group2-24M2152-24M2160-25D1598/Kaggle_Competition/synthetic_data/synthetic_data/images/image_1755.png,C,C,True
/users/student/pg/pg24/yash.sarang/GNR/GNR638-Group2-24M2152-24M2160-25D1598/Kaggle_Competition/synthetic_data/synthetic_data/images/image_1756.png,C,C,True
/users/student/pg/pg24/yash.sarang/GNR/GNR638-Group2-24M2152-24M2160-25D1598/Kaggle_Competition/synthetic_data/synthetic_data/images/image_1757.png,C,C,True
/users/student/pg/pg24/yash.sarang/GNR/GNR638-Group2-24M2152-24M2160-25D1598/Kaggle_Competition/synthetic_data/synthetic_data/images/image_1758.png,C,C,True
/users/student/pg/pg24/yash.sarang/GNR/GNR638-Group2-24M2152-24M2160-25D1598/Kaggle_Competition/synthetic_data/synthetic_data/images/image_1759.png,C,C,True
/users/student/pg/pg24/yash.sarang/GNR/GNR638-Group2-24M2152-24M2160-25D1598/Kaggle_Competition/synthetic_data/synthetic_data/images/image_1760.png,C,C,True
/users/student/pg/pg24/yash.sarang/GNR/GNR638-Group2-24M2152-24M2160-25D1598/Kaggle_Competition/synthetic_data/synthetic_data/images/image_1761.png,C,C,True
/users/student/pg/pg24/yash.sarang/GNR/GNR638-Group2-24M2152-24M2160-25D1598/Kaggle_Competition/synthetic_data/synthetic_data/images/image_1762.png,C,C,True
/users/student/pg/pg24/yash.sarang/GNR/GNR638-Group2-24M2152-24M2160-25D1598/Kaggle_Competition/synthetic_data/synthetic_data/images/image_1763.png,C,C,True
/users/student/pg/pg24/yash.sarang/GNR/GNR638-Group2-24M2152-24M2160-25D1598/Kaggle_Competition/synthetic_data/synthetic_data/images/image_1764.png,C,C,True
/users/student/pg/pg24/yash.sarang/GNR/GNR638-Group2-24M2152-24M2160-25D1598/Kaggle_Competition/synthetic_data/synthetic_data/images/image_1765.png,C,C,True
/users/student/pg/pg24/yash.sarang/GNR/GNR638-Group2-24M2152-24M2160-25D1598/Kaggle_Competition/synthetic_data/synthetic_data/images/image_1766.png,C,C,True
/users/student/pg/pg24/yash.sarang/GNR/GNR638-Group2-24M2152-24M2160-25D1598/Kaggle_Competition/synthetic_data/synthetic_data/images/image_1767.png,D,C,False
/users/student/pg/pg24/yash.sarang/GNR/GNR638-Group2-24M2152-24M2160-25D1598/Kaggle_Competition/synthetic_data/synthetic_data/images/image_1768.png,C,C,True
/users/student/pg/pg24/yash.sarang/GNR/GNR638-Group2-24M2152-24M2160-25D1598/Kaggle_Competition/synthetic_data/synthetic_data/images/image_1769.png,C,C,True
/users/student/pg/pg24/yash.sarang/GNR/GNR638-Group2-24M2152-24M2160-25D1598/Kaggle_Competition/synthetic_data/synthetic_data/images/image_1770.png,C,C,True
/users/student/pg/pg24/yash.sarang/GNR/GNR638-Group2-24M2152-24M2160-25D1598/Kaggle_Competition/synthetic_data/synthetic_data/images/image_1771.png,C,C,True
/users/student/pg/pg24/yash.sarang/GNR/GNR638-Group2-24M2152-24M2160-25D1598/Kaggle_Competition/synthetic_data/synthetic_data/images/image_1772.png,C,C,True
/users/student/pg/pg24/yash.sarang/GNR/GNR638-Group2-24M2152-24M2160-25D1598/Kaggle_Competition/synthetic_data/synthetic_data/images/image_1773.png,C,C,True
/users/student/pg/pg24/yash.sarang/GNR/GNR638-Group2-24M2152-24M2160-25D1598/Kaggle_Competition/synthetic_data/synthetic_data/images/image_1774.png,C,C,True
/users/student/pg/pg24/yash.sarang/GNR/GNR638-Group2-24M2152-24M2160-25D1598/Kaggle_Competition/synthetic_data/synthetic_data/images/image_1775.png,C,C,True
/users/student/pg/pg24/yash.sarang/GNR/GNR638-Group2-24M2152-24M2160-25D1598/Kaggle_Competition/synthetic_data/synthetic_data/images/image_1776.png,D,D,True
/users/student/pg/pg24/yash.sarang/GNR/GNR638-Group2-24M2152-24M2160-25D1598/Kaggle_Competition/synthetic_data/synthetic_data/images/image_1777.png,D,D,True
/users/student/pg/pg24/yash.sarang/GNR/GNR638-Group2-24M2152-24M2160-25D1598/Kaggle_Competition/synthetic_data/synthetic_data/images/image_1778.png,D,D,True
/users/student/pg/pg24/yash.sarang/GNR/GNR638-Group2-24M2152-24M2160-25D1598/Kaggle_Competition/synthetic_data/synthetic_data/images/image_1779.png,D,D,True
/users/student/pg/pg24/yash.sarang/GNR/GNR638-Group2-24M2152-24M2160-25D1598/Kaggle_Competition/synthetic_data/synthetic_data/images/image_1780.png,D,D,True
/users/student/pg/pg24/yash.sarang/GNR/GNR638-Group2-24M2152-24M2160-25D1598/Kaggle_Competition/synthetic_data/synthetic_data/images/image_1781.png,D,D,True
/users/student/pg/pg24/yash.sarang/GNR/GNR638-Group2-24M2152-24M2160-25D1598/Kaggle_Competition/synthetic_data/synthetic_data/images/image_1782.png,D,D,True
/users/student/pg/pg24/yash.sarang/GNR/GNR638-Group2-24M2152-24M2160-25D1598/Kaggle_Competition/synthetic_data/synthetic_data/images/image_1783.png,D,D,True
/users/student/pg/pg24/yash.sarang/GNR/GNR638-Group2-24M2152-24M2160-25D1598/Kaggle_Competition/synthetic_data/synthetic_data/images/image_1784.png,D,D,True
/users/student/pg/pg24/yash.sarang/GNR/GNR638-Group2-24M2152-24M2160-25D1598/Kaggle_Competition/synthetic_data/synthetic_data/images/image_1785.png,D,D,True
/users/student/pg/pg24/yash.sarang/GNR/GNR638-Group2-24M2152-24M2160-25D1598/Kaggle_Competition/synthetic_data/synthetic_data/images/image_1786.png,D,D,True
/users/student/pg/pg24/yash.sarang/GNR/GNR638-Group2-24M2152-24M2160-25D1598/Kaggle_Competition/synthetic_data/synthetic_data/images/image_1787.png,D,D,True
/users/student/pg/pg24/yash.sarang/GNR/GNR638-Group2-24M2152-24M2160-25D1598/Kaggle_Competition/synthetic_data/synthetic_data/images/image_1788.png,D,D,True
/users/student/pg/pg24/yash.sarang/GNR/GNR638-Group2-24M2152-24M2160-25D1598/Kaggle_Competition/synthetic_data/synthetic_data/images/image_1789.png,D,D,True
/users/student/pg/pg24/yash.sarang/GNR/GNR638-Group2-24M2152-24M2160-25D1598/Kaggle_Competition/synthetic_data/synthetic_data/images/image_1790.png,D,D,True
/users/student/pg/pg24/yash.sarang/GNR/GNR638-Group2-24M2152-24M2160-25D1598/Kaggle_Competition/synthetic_data/synthetic_data/images/image_1791.png,D,D,True
/users/student/pg/pg24/yash.sarang/GNR/GNR638-Group2-24M2152-24M2160-25D1598/Kaggle_Competition/synthetic_data/synthetic_data/images/image_1792.png,D,D,True
/users/student/pg/pg24/yash.sarang/GNR/GNR638-Group2-24M2152-24M2160-25D1598/Kaggle_Competition/synthetic_data/synthetic_data/images/image_1793.png,D,D,True
/users/student/pg/pg24/yash.sarang/GNR/GNR638-Group2-24M2152-24M2160-25D1598/Kaggle_Competition/synthetic_data/synthetic_data/images/image_1794.png,D,D,True
/users/student/pg/pg24/yash.sarang/GNR/GNR638-Group2-24M2152-24M2160-25D1598/Kaggle_Competition/synthetic_data/synthetic_data/images/image_1795.png,C,D,False
/users/student/pg/pg24/yash.sarang/GNR/GNR638-Group2-24M2152-24M2160-25D1598/Kaggle_Competition/synthetic_data/synthetic_data/images/image_1796.png,D,D,True
/users/student/pg/pg24/yash.sarang/GNR/GNR638-Group2-24M2152-24M2160-25D1598/Kaggle_Competition/synthetic_data/synthetic_data/images/image_1797.png,D,D,True
/users/student/pg/pg24/yash.sarang/GNR/GNR638-Group2-24M2152-24M2160-25D1598/Kaggle_Competition/synthetic_data/synthetic_data/images/image_1798.png,B,D,False
/users/student/pg/pg24/yash.sarang/GNR/GNR638-Group2-24M2152-24M2160-25D1598/Kaggle_Competition/synthetic_data/synthetic_data/images/image_1799.png,D,D,True
/users/student/pg/pg24/yash.sarang/GNR/GNR638-Group2-24M2152-24M2160-25D1598/Kaggle_Competition/synthetic_data/synthetic_data/images/image_1800.png,D,D,True
/users/student/pg/pg24/yash.sarang/GNR/GNR638-Group2-24M2152-24M2160-25D1598/Kaggle_Competition/synthetic_data/synthetic_data/images/image_1801.png,A,A,True
/users/student/pg/pg24/yash.sarang/GNR/GNR638-Group2-24M2152-24M2160-25D1598/Kaggle_Competition/synthetic_data/synthetic_data/images/image_1802.png,A,A,True
/users/student/pg/pg24/yash.sarang/GNR/GNR638-Group2-24M2152-24M2160-25D1598/Kaggle_Competition/synthetic_data/synthetic_data/images/image_1803.png,A,A,True
/users/student/pg/pg24/yash.sarang/GNR/GNR638-Group2-24M2152-24M2160-25D1598/Kaggle_Competition/synthetic_data/synthetic_data/images/image_1804.png,A,A,True
/users/student/pg/pg24/yash.sarang/GNR/GNR638-Group2-24M2152-24M2160-25D1598/Kaggle_Competition/synthetic_data/synthetic_data/images/image_1805.png,A,A,True
/users/student/pg/pg24/yash.sarang/GNR/GNR638-Group2-24M2152-24M2160-25D1598/Kaggle_Competition/synthetic_data/synthetic_data/images/image_1806.png,A,A,True
/users/student/pg/pg24/yash.sarang/GNR/GNR638-Group2-24M2152-24M2160-25D1598/Kaggle_Competition/synthetic_data/synthetic_data/images/image_1807.png,A,A,True
/users/student/pg/pg24/yash.sarang/GNR/GNR638-Group2-24M2152-24M2160-25D1598/Kaggle_Competition/synthetic_data/synthetic_data/images/image_1808.png,A,A,True
/users/student/pg/pg24/yash.sarang/GNR/GNR638-Group2-24M2152-24M2160-25D1598/Kaggle_Competition/synthetic_data/synthetic_data/images/image_1809.png,A,A,True
/users/student/pg/pg24/yash.sarang/GNR/GNR638-Group2-24M2152-24M2160-25D1598/Kaggle_Competition/synthetic_data/synthetic_data/images/image_1810.png,B,A,False
/users/student/pg/pg24/yash.sarang/GNR/GNR638-Group2-24M2152-24M2160-25D1598/Kaggle_Competition/synthetic_data/synthetic_data/images/image_1811.png,A,A,True
/users/student/pg/pg24/yash.sarang/GNR/GNR638-Group2-24M2152-24M2160-25D1598/Kaggle_Competition/synthetic_data/synthetic_data/images/image_1812.png,A,A,True
/users/student/pg/pg24/yash.sarang/GNR/GNR638-Group2-24M2152-24M2160-25D1598/Kaggle_Competition/synthetic_data/synthetic_data/images/image_1813.png,A,A,True
/users/student/pg/pg24/yash.sarang/GNR/GNR638-Group2-24M2152-24M2160-25D1598/Kaggle_Competition/synthetic_data/synthetic_data/images/image_1814.png,A,A,True
/users/student/pg/pg24/yash.sarang/GNR/GNR638-Group2-24M2152-24M2160-25D1598/Kaggle_Competition/synthetic_data/synthetic_data/images/image_1815.png,B,A,False
/users/student/pg/pg24/yash.sarang/GNR/GNR638-Group2-24M2152-24M2160-25D1598/Kaggle_Competition/synthetic_data/synthetic_data/images/image_1816.png,A,A,True
/users/student/pg/pg24/yash.sarang/GNR/GNR638-Group2-24M2152-24M2160-25D1598/Kaggle_Competition/synthetic_data/synthetic_data/images/image_1817.png,A,A,True
/users/student/pg/pg24/yash.sarang/GNR/GNR638-Group2-24M2152-24M2160-25D1598/Kaggle_Competition/synthetic_data/synthetic_data/images/image_1818.png,A,A,True
/users/student/pg/pg24/yash.sarang/GNR/GNR638-Group2-24M2152-24M2160-25D1598/Kaggle_Competition/synthetic_data/synthetic_data/images/image_1819.png,A,A,True
/users/student/pg/pg24/yash.sarang/GNR/GNR638-Group2-24M2152-24M2160-25D1598/Kaggle_Competition/synthetic_data/synthetic_data/images/image_1820.png,A,A,True
/users/student/pg/pg24/yash.sarang/GNR/GNR638-Group2-24M2152-24M2160-25D1598/Kaggle_Competition/synthetic_data/synthetic_data/images/image_1821.png,A,A,True
/users/student/pg/pg24/yash.sarang/GNR/GNR638-Group2-24M2152-24M2160-25D1598/Kaggle_Competition/synthetic_data/synthetic_data/images/image_1822.png,A,A,True
/users/student/pg/pg24/yash.sarang/GNR/GNR638-Group2-24M2152-24M2160-25D1598/Kaggle_Competition/synthetic_data/synthetic_data/images/image_1823.png,A,A,True
/users/student/pg/pg24/yash.sarang/GNR/GNR638-Group2-24M2152-24M2160-25D1598/Kaggle_Competition/synthetic_data/synthetic_data/images/image_1824.png,A,A,True
/users/student/pg/pg24/yash.sarang/GNR/GNR638-Group2-24M2152-24M2160-25D1598/Kaggle_Competition/synthetic_data/synthetic_data/images/image_1825.png,A,A,True
/users/student/pg/pg24/yash.sarang/GNR/GNR638-Group2-24M2152-24M2160-25D1598/Kaggle_Competition/synthetic_data/synthetic_data/images/image_1826.png,B,B,True
/users/student/pg/pg24/yash.sarang/GNR/GNR638-Group2-24M2152-24M2160-25D1598/Kaggle_Competition/synthetic_data/synthetic_data/images/image_1827.png,B,B,True
/users/student/pg/pg24/yash.sarang/GNR/GNR638-Group2-24M2152-24M2160-25D1598/Kaggle_Competition/synthetic_data/synthetic_data/images/image_1828.png,B,B,True
/users/student/pg/pg24/yash.sarang/GNR/GNR638-Group2-24M2152-24M2160-25D1598/Kaggle_Competition/synthetic_data/synthetic_data/images/image_1829.png,B,B,True
/users/student/pg/pg24/yash.sarang/GNR/GNR638-Group2-24M2152-24M2160-25D1598/Kaggle_Competition/synthetic_data/synthetic_data/images/image_1830.png,B,B,True
/users/student/pg/pg24/yash.sarang/GNR/GNR638-Group2-24M2152-24M2160-25D1598/Kaggle_Competition/synthetic_data/synthetic_data/images/image_1831.png,B,B,True
/users/student/pg/pg24/yash.sarang/GNR/GNR638-Group2-24M2152-24M2160-25D1598/Kaggle_Competition/synthetic_data/synthetic_data/images/image_1832.png,B,B,True
/users/student/pg/pg24/yash.sarang/GNR/GNR638-Group2-24M2152-24M2160-25D1598/Kaggle_Competition/synthetic_data/synthetic_data/images/image_1833.png,B,B,True
/users/student/pg/pg24/yash.sarang/GNR/GNR638-Group2-24M2152-24M2160-25D1598/Kaggle_Competition/synthetic_data/synthetic_data/images/image_1834.png,B,B,True
/users/student/pg/pg24/yash.sarang/GNR/GNR638-Group2-24M2152-24M2160-25D1598/Kaggle_Competition/synthetic_data/synthetic_data/images/image_1835.png,B,B,True
/users/student/pg/pg24/yash.sarang/GNR/GNR638-Group2-24M2152-24M2160-25D1598/Kaggle_Competition/synthetic_data/synthetic_data/images/image_1836.png,C,B,False
/users/student/pg/pg24/yash.sarang/GNR/GNR638-Group2-24M2152-24M2160-25D1598/Kaggle_Competition/synthetic_data/synthetic_data/images/image_1837.png,B,B,True
/users/student/pg/pg24/yash.sarang/GNR/GNR638-Group2-24M2152-24M2160-25D1598/Kaggle_Competition/synthetic_data/synthetic_data/images/image_1838.png,B,B,True
/users/student/pg/pg24/yash.sarang/GNR/GNR638-Group2-24M2152-24M2160-25D1598/Kaggle_Competition/synthetic_data/synthetic_data/images/image_1839.png,B,B,True
/users/student/pg/pg24/yash.sarang/GNR/GNR638-Group2-24M2152-24M2160-25D1598/Kaggle_Competition/synthetic_data/synthetic_data/images/image_1840.png,B,B,True
/users/student/pg/pg24/yash.sarang/GNR/GNR638-Group2-24M2152-24M2160-25D1598/Kaggle_Competition/synthetic_data/synthetic_data/images/image_1841.png,B,B,True
/users/student/pg/pg24/yash.sarang/GNR/GNR638-Group2-24M2152-24M2160-25D1598/Kaggle_Competition/synthetic_data/synthetic_data/images/image_1842.png,B,B,True
/users/student/pg/pg24/yash.sarang/GNR/GNR638-Group2-24M2152-24M2160-25D1598/Kaggle_Competition/synthetic_data/synthetic_data/images/image_1843.png,B,B,True
/users/student/pg/pg24/yash.sarang/GNR/GNR638-Group2-24M2152-24M2160-25D1598/Kaggle_Competition/synthetic_data/synthetic_data/images/image_1844.png,B,B,True
/users/student/pg/pg24/yash.sarang/GNR/GNR638-Group2-24M2152-24M2160-25D1598/Kaggle_Competition/synthetic_data/synthetic_data/images/image_1845.png,B,B,True
/users/student/pg/pg24/yash.sarang/GNR/GNR638-Group2-24M2152-24M2160-25D1598/Kaggle_Competition/synthetic_data/synthetic_data/images/image_1846.png,B,B,True
/users/student/pg/pg24/yash.sarang/GNR/GNR638-Group2-24M2152-24M2160-25D1598/Kaggle_Competition/synthetic_data/synthetic_data/images/image_1847.png,B,B,True
/users/student/pg/pg24/yash.sarang/GNR/GNR638-Group2-24M2152-24M2160-25D1598/Kaggle_Competition/synthetic_data/synthetic_data/images/image_1848.png,B,B,True
/users/student/pg/pg24/yash.sarang/GNR/GNR638-Group2-24M2152-24M2160-25D1598/Kaggle_Competition/synthetic_data/synthetic_data/images/image_1849.png,B,B,True
/users/student/pg/pg24/yash.sarang/GNR/GNR638-Group2-24M2152-24M2160-25D1598/Kaggle_Competition/synthetic_data/synthetic_data/images/image_1850.png,B,B,True
/users/student/pg/pg24/yash.sarang/GNR/GNR638-Group2-24M2152-24M2160-25D1598/Kaggle_Competition/synthetic_data/synthetic_data/images/image_1851.png,C,C,True
/users/student/pg/pg24/yash.sarang/GNR/GNR638-Group2-24M2152-24M2160-25D1598/Kaggle_Competition/synthetic_data/synthetic_data/images/image_1852.png,D,C,False
/users/student/pg/pg24/yash.sarang/GNR/GNR638-Group2-24M2152-24M2160-25D1598/Kaggle_Competition/synthetic_data/synthetic_data/images/image_1853.png,A,C,False
/users/student/pg/pg24/yash.sarang/GNR/GNR638-Group2-24M2152-24M2160-25D1598/Kaggle_Competition/synthetic_data/synthetic_data/images/image_1854.png,C,C,True
/users/student/pg/pg24/yash.sarang/GNR/GNR638-Group2-24M2152-24M2160-25D1598/Kaggle_Competition/synthetic_data/synthetic_data/images/image_1855.png,C,C,True
/users/student/pg/pg24/yash.sarang/GNR/GNR638-Group2-24M2152-24M2160-25D1598/Kaggle_Competition/synthetic_data/synthetic_data/images/image_1856.png,C,C,True
/users/student/pg/pg24/yash.sarang/GNR/GNR638-Group2-24M2152-24M2160-25D1598/Kaggle_Competition/synthetic_data/synthetic_data/images/image_1857.png,A,C,False
/users/student/pg/pg24/yash.sarang/GNR/GNR638-Group2-24M2152-24M2160-25D1598/Kaggle_Competition/synthetic_data/synthetic_data/images/image_1858.png,C,C,True
/users/student/pg/pg24/yash.sarang/GNR/GNR638-Group2-24M2152-24M2160-25D1598/Kaggle_Competition/synthetic_data/synthetic_data/images/image_1859.png,C,C,True
/users/student/pg/pg24/yash.sarang/GNR/GNR638-Group2-24M2152-24M2160-25D1598/Kaggle_Competition/synthetic_data/synthetic_data/images/image_1860.png,C,C,True
/users/student/pg/pg24/yash.sarang/GNR/GNR638-Group2-24M2152-24M2160-25D1598/Kaggle_Competition/synthetic_data/synthetic_data/images/image_1861.png,C,C,True
/users/student/pg/pg24/yash.sarang/GNR/GNR638-Group2-24M2152-24M2160-25D1598/Kaggle_Competition/synthetic_data/synthetic_data/images/image_1862.png,C,C,True
/users/student/pg/pg24/yash.sarang/GNR/GNR638-Group2-24M2152-24M2160-25D1598/Kaggle_Competition/synthetic_data/synthetic_data/images/image_1863.png,C,C,True
/users/student/pg/pg24/yash.sarang/GNR/GNR638-Group2-24M2152-24M2160-25D1598/Kaggle_Competition/synthetic_data/synthetic_data/images/image_1864.png,D,C,False
/users/student/pg/pg24/yash.sarang/GNR/GNR638-Group2-24M2152-24M2160-25D1598/Kaggle_Competition/synthetic_data/synthetic_data/images/image_1865.png,C,C,True
/users/student/pg/pg24/yash.sarang/GNR/GNR638-Group2-24M2152-24M2160-25D1598/Kaggle_Competition/synthetic_data/synthetic_data/images/image_1866.png,C,C,True
/users/student/pg/pg24/yash.sarang/GNR/GNR638-Group2-24M2152-24M2160-25D1598/Kaggle_Competition/synthetic_data/synthetic_data/images/image_1867.png,C,C,True
/users/student/pg/pg24/yash.sarang/GNR/GNR638-Group2-24M2152-24M2160-25D1598/Kaggle_Competition/synthetic_data/synthetic_data/images/image_1868.png,C,C,True
/users/student/pg/pg24/yash.sarang/GNR/GNR638-Group2-24M2152-24M2160-25D1598/Kaggle_Competition/synthetic_data/synthetic_data/images/image_1869.png,C,C,True
/users/student/pg/pg24/yash.sarang/GNR/GNR638-Group2-24M2152-24M2160-25D1598/Kaggle_Competition/synthetic_data/synthetic_data/images/image_1870.png,C,C,True
/users/student/pg/pg24/yash.sarang/GNR/GNR638-Group2-24M2152-24M2160-25D1598/Kaggle_Competition/synthetic_data/synthetic_data/images/image_1871.png,C,C,True
/users/student/pg/pg24/yash.sarang/GNR/GNR638-Group2-24M2152-24M2160-25D1598/Kaggle_Competition/synthetic_data/synthetic_data/images/image_1872.png,B,C,False
/users/student/pg/pg24/yash.sarang/GNR/GNR638-Group2-24M2152-24M2160-25D1598/Kaggle_Competition/synthetic_data/synthetic_data/images/image_1873.png,C,C,True
/users/student/pg/pg24/yash.sarang/GNR/GNR638-Group2-24M2152-24M2160-25D1598/Kaggle_Competition/synthetic_data/synthetic_data/images/image_1874.png,C,C,True
/users/student/pg/pg24/yash.sarang/GNR/GNR638-Group2-24M2152-24M2160-25D1598/Kaggle_Competition/synthetic_data/synthetic_data/images/image_1875.png,C,C,True
/users/student/pg/pg24/yash.sarang/GNR/GNR638-Group2-24M2152-24M2160-25D1598/Kaggle_Competition/synthetic_data/synthetic_data/images/image_1876.png,D,D,True
/users/student/pg/pg24/yash.sarang/GNR/GNR638-Group2-24M2152-24M2160-25D1598/Kaggle_Competition/synthetic_data/synthetic_data/images/image_1877.png,D,D,True
/users/student/pg/pg24/yash.sarang/GNR/GNR638-Group2-24M2152-24M2160-25D1598/Kaggle_Competition/synthetic_data/synthetic_data/images/image_1878.png,D,D,True
/users/student/pg/pg24/yash.sarang/GNR/GNR638-Group2-24M2152-24M2160-25D1598/Kaggle_Competition/synthetic_data/synthetic_data/images/image_1879.png,D,D,True
/users/student/pg/pg24/yash.sarang/GNR/GNR638-Group2-24M2152-24M2160-25D1598/Kaggle_Competition/synthetic_data/synthetic_data/images/image_1880.png,D,D,True
/users/student/pg/pg24/yash.sarang/GNR/GNR638-Group2-24M2152-24M2160-25D1598/Kaggle_Competition/synthetic_data/synthetic_data/images/image_1881.png,D,D,True
/users/student/pg/pg24/yash.sarang/GNR/GNR638-Group2-24M2152-24M2160-25D1598/Kaggle_Competition/synthetic_data/synthetic_data/images/image_1882.png,D,D,True
/users/student/pg/pg24/yash.sarang/GNR/GNR638-Group2-24M2152-24M2160-25D1598/Kaggle_Competition/synthetic_data/synthetic_data/images/image_1883.png,D,D,True
/users/student/pg/pg24/yash.sarang/GNR/GNR638-Group2-24M2152-24M2160-25D1598/Kaggle_Competition/synthetic_data/synthetic_data/images/image_1884.png,D,D,True
/users/student/pg/pg24/yash.sarang/GNR/GNR638-Group2-24M2152-24M2160-25D1598/Kaggle_Competition/synthetic_data/synthetic_data/images/image_1885.png,D,D,True
/users/student/pg/pg24/yash.sarang/GNR/GNR638-Group2-24M2152-24M2160-25D1598/Kaggle_Competition/synthetic_data/synthetic_data/images/image_1886.png,D,D,True
/users/student/pg/pg24/yash.sarang/GNR/GNR638-Group2-24M2152-24M2160-25D1598/Kaggle_Competition/synthetic_data/synthetic_data/images/image_1887.png,B,D,False
/users/student/pg/pg24/yash.sarang/GNR/GNR638-Group2-24M2152-24M2160-25D1598/Kaggle_Competition/synthetic_data/synthetic_data/images/image_1888.png,D,D,True
/users/student/pg/pg24/yash.sarang/GNR/GNR638-Group2-24M2152-24M2160-25D1598/Kaggle_Competition/synthetic_data/synthetic_data/images/image_1889.png,D,D,True
/users/student/pg/pg24/yash.sarang/GNR/GNR638-Group2-24M2152-24M2160-25D1598/Kaggle_Competition/synthetic_data/synthetic_data/images/image_1890.png,D,D,True
/users/student/pg/pg24/yash.sarang/GNR/GNR638-Group2-24M2152-24M2160-25D1598/Kaggle_Competition/synthetic_data/synthetic_data/images/image_1891.png,D,D,True
/users/student/pg/pg24/yash.sarang/GNR/GNR638-Group2-24M2152-24M2160-25D1598/Kaggle_Competition/synthetic_data/synthetic_data/images/image_1892.png,D,D,True
/users/student/pg/pg24/yash.sarang/GNR/GNR638-Group2-24M2152-24M2160-25D1598/Kaggle_Competition/synthetic_data/synthetic_data/images/image_1893.png,D,D,True
/users/student/pg/pg24/yash.sarang/GNR/GNR638-Group2-24M2152-24M2160-25D1598/Kaggle_Competition/synthetic_data/synthetic_data/images/image_1894.png,D,D,True
/users/student/pg/pg24/yash.sarang/GNR/GNR638-Group2-24M2152-24M2160-25D1598/Kaggle_Competition/synthetic_data/synthetic_data/images/image_1895.png,D,D,True
/users/student/pg/pg24/yash.sarang/GNR/GNR638-Group2-24M2152-24M2160-25D1598/Kaggle_Competition/synthetic_data/synthetic_data/images/image_1896.png,D,D,True
/users/student/pg/pg24/yash.sarang/GNR/GNR638-Group2-24M2152-24M2160-25D1598/Kaggle_Competition/synthetic_data/synthetic_data/images/image_1897.png,D,D,True
/users/student/pg/pg24/yash.sarang/GNR/GNR638-Group2-24M2152-24M2160-25D1598/Kaggle_Competition/synthetic_data/synthetic_data/images/image_1898.png,D,D,True
/users/student/pg/pg24/yash.sarang/GNR/GNR638-Group2-24M2152-24M2160-25D1598/Kaggle_Competition/synthetic_data/synthetic_data/images/image_1899.png,D,D,True
/users/student/pg/pg24/yash.sarang/GNR/GNR638-Group2-24M2152-24M2160-25D1598/Kaggle_Competition/synthetic_data/synthetic_data/images/image_1900.png,D,D,True
/users/student/pg/pg24/yash.sarang/GNR/GNR638-Group2-24M2152-24M2160-25D1598/Kaggle_Competition/synthetic_data/synthetic_data/images/image_1901.png,A,A,True
/users/student/pg/pg24/yash.sarang/GNR/GNR638-Group2-24M2152-24M2160-25D1598/Kaggle_Competition/synthetic_data/synthetic_data/images/image_1902.png,A,A,True
/users/student/pg/pg24/yash.sarang/GNR/GNR638-Group2-24M2152-24M2160-25D1598/Kaggle_Competition/synthetic_data/synthetic_data/images/image_1903.png,A,A,True
/users/student/pg/pg24/yash.sarang/GNR/GNR638-Group2-24M2152-24M2160-25D1598/Kaggle_Competition/synthetic_data/synthetic_data/images/image_1904.png,A,A,True
/users/student/pg/pg24/yash.sarang/GNR/GNR638-Group2-24M2152-24M2160-25D1598/Kaggle_Competition/synthetic_data/synthetic_data/images/image_1905.png,B,A,False
/users/student/pg/pg24/yash.sarang/GNR/GNR638-Group2-24M2152-24M2160-25D1598/Kaggle_Competition/synthetic_data/synthetic_data/images/image_1906.png,A,A,True
/users/student/pg/pg24/yash.sarang/GNR/GNR638-Group2-24M2152-24M2160-25D1598/Kaggle_Competition/synthetic_data/synthetic_data/images/image_1907.png,A,A,True
/users/student/pg/pg24/yash.sarang/GNR/GNR638-Group2-24M2152-24M2160-25D1598/Kaggle_Competition/synthetic_data/synthetic_data/images/image_1908.png,A,A,True
/users/student/pg/pg24/yash.sarang/GNR/GNR638-Group2-24M2152-24M2160-25D1598/Kaggle_Competition/synthetic_data/synthetic_data/images/image_1909.png,A,A,True
/users/student/pg/pg24/yash.sarang/GNR/GNR638-Group2-24M2152-24M2160-25D1598/Kaggle_Competition/synthetic_data/synthetic_data/images/image_1910.png,A,A,True
/users/student/pg/pg24/yash.sarang/GNR/GNR638-Group2-24M2152-24M2160-25D1598/Kaggle_Competition/synthetic_data/synthetic_data/images/image_1911.png,A,A,True
/users/student/pg/pg24/yash.sarang/GNR/GNR638-Group2-24M2152-24M2160-25D1598/Kaggle_Competition/synthetic_data/synthetic_data/images/image_1912.png,A,A,True
/users/student/pg/pg24/yash.sarang/GNR/GNR638-Group2-24M2152-24M2160-25D1598/Kaggle_Competition/synthetic_data/synthetic_data/images/image_1913.png,A,A,True
/users/student/pg/pg24/yash.sarang/GNR/GNR638-Group2-24M2152-24M2160-25D1598/Kaggle_Competition/synthetic_data/synthetic_data/images/image_1914.png,A,A,True
/users/student/pg/pg24/yash.sarang/GNR/GNR638-Group2-24M2152-24M2160-25D1598/Kaggle_Competition/synthetic_data/synthetic_data/images/image_1915.png,A,A,True
/users/student/pg/pg24/yash.sarang/GNR/GNR638-Group2-24M2152-24M2160-25D1598/Kaggle_Competition/synthetic_data/synthetic_data/images/image_1916.png,A,A,True
/users/student/pg/pg24/yash.sarang/GNR/GNR638-Group2-24M2152-24M2160-25D1598/Kaggle_Competition/synthetic_data/synthetic_data/images/image_1917.png,A,A,True
/users/student/pg/pg24/yash.sarang/GNR/GNR638-Group2-24M2152-24M2160-25D1598/Kaggle_Competition/synthetic_data/synthetic_data/images/image_1918.png,A,A,True
/users/student/pg/pg24/yash.sarang/GNR/GNR638-Group2-24M2152-24M2160-25D1598/Kaggle_Competition/synthetic_data/synthetic_data/images/image_1919.png,C,A,False
/users/student/pg/pg24/yash.sarang/GNR/GNR638-Group2-24M2152-24M2160-25D1598/Kaggle_Competition/synthetic_data/synthetic_data/images/image_1920.png,A,A,True
/users/student/pg/pg24/yash.sarang/GNR/GNR638-Group2-24M2152-24M2160-25D1598/Kaggle_Competition/synthetic_data/synthetic_data/images/image_1921.png,A,A,True
/users/student/pg/pg24/yash.sarang/GNR/GNR638-Group2-24M2152-24M2160-25D1598/Kaggle_Competition/synthetic_data/synthetic_data/images/image_1922.png,A,A,True
/users/student/pg/pg24/yash.sarang/GNR/GNR638-Group2-24M2152-24M2160-25D1598/Kaggle_Competition/synthetic_data/synthetic_data/images/image_1923.png,A,A,True
/users/student/pg/pg24/yash.sarang/GNR/GNR638-Group2-24M2152-24M2160-25D1598/Kaggle_Competition/synthetic_data/synthetic_data/images/image_1924.png,A,A,True
/users/student/pg/pg24/yash.sarang/GNR/GNR638-Group2-24M2152-24M2160-25D1598/Kaggle_Competition/synthetic_data/synthetic_data/images/image_1925.png,A,A,True
/users/student/pg/pg24/yash.sarang/GNR/GNR638-Group2-24M2152-24M2160-25D1598/Kaggle_Competition/synthetic_data/synthetic_data/images/image_1926.png,B,B,True
/users/student/pg/pg24/yash.sarang/GNR/GNR638-Group2-24M2152-24M2160-25D1598/Kaggle_Competition/synthetic_data/synthetic_data/images/image_1927.png,B,B,True
/users/student/pg/pg24/yash.sarang/GNR/GNR638-Group2-24M2152-24M2160-25D1598/Kaggle_Competition/synthetic_data/synthetic_data/images/image_1928.png,B,B,True
/users/student/pg/pg24/yash.sarang/GNR/GNR638-Group2-24M2152-24M2160-25D1598/Kaggle_Competition/synthetic_data/synthetic_data/images/image_1929.png,B,B,True
/users/student/pg/pg24/yash.sarang/GNR/GNR638-Group2-24M2152-24M2160-25D1598/Kaggle_Competition/synthetic_data/synthetic_data/images/image_1930.png,B,B,True
/users/student/pg/pg24/yash.sarang/GNR/GNR638-Group2-24M2152-24M2160-25D1598/Kaggle_Competition/synthetic_data/synthetic_data/images/image_1931.png,B,B,True
/users/student/pg/pg24/yash.sarang/GNR/GNR638-Group2-24M2152-24M2160-25D1598/Kaggle_Competition/synthetic_data/synthetic_data/images/image_1932.png,B,B,True
/users/student/pg/pg24/yash.sarang/GNR/GNR638-Group2-24M2152-24M2160-25D1598/Kaggle_Competition/synthetic_data/synthetic_data/images/image_1933.png,B,B,True
/users/student/pg/pg24/yash.sarang/GNR/GNR638-Group2-24M2152-24M2160-25D1598/Kaggle_Competition/synthetic_data/synthetic_data/images/image_1934.png,C,B,False
/users/student/pg/pg24/yash.sarang/GNR/GNR638-Group2-24M2152-24M2160-25D1598/Kaggle_Competition/synthetic_data/synthetic_data/images/image_1935.png,B,B,True
/users/student/pg/pg24/yash.sarang/GNR/GNR638-Group2-24M2152-24M2160-25D1598/Kaggle_Competition/synthetic_data/synthetic_data/images/image_1936.png,B,B,True
/users/student/pg/pg24/yash.sarang/GNR/GNR638-Group2-24M2152-24M2160-25D1598/Kaggle_Competition/synthetic_data/synthetic_data/images/image_1937.png,B,B,True
/users/student/pg/pg24/yash.sarang/GNR/GNR638-Group2-24M2152-24M2160-25D1598/Kaggle_Competition/synthetic_data/synthetic_data/images/image_1938.png,B,B,True
/users/student/pg/pg24/yash.sarang/GNR/GNR638-Group2-24M2152-24M2160-25D1598/Kaggle_Competition/synthetic_data/synthetic_data/images/image_1939.png,B,B,True
/users/student/pg/pg24/yash.sarang/GNR/GNR638-Group2-24M2152-24M2160-25D1598/Kaggle_Competition/synthetic_data/synthetic_data/images/image_1940.png,B,B,True
/users/student/pg/pg24/yash.sarang/GNR/GNR638-Group2-24M2152-24M2160-25D1598/Kaggle_Competition/synthetic_data/synthetic_data/images/image_1941.png,B,B,True
/users/student/pg/pg24/yash.sarang/GNR/GNR638-Group2-24M2152-24M2160-25D1598/Kaggle_Competition/synthetic_data/synthetic_data/images/image_1942.png,D,B,False
/users/student/pg/pg24/yash.sarang/GNR/GNR638-Group2-24M2152-24M2160-25D1598/Kaggle_Competition/synthetic_data/synthetic_data/images/image_1943.png,B,B,True
/users/student/pg/pg24/yash.sarang/GNR/GNR638-Group2-24M2152-24M2160-25D1598/Kaggle_Competition/synthetic_data/synthetic_data/images/image_1944.png,B,B,True
/users/student/pg/pg24/yash.sarang/GNR/GNR638-Group2-24M2152-24M2160-25D1598/Kaggle_Competition/synthetic_data/synthetic_data/images/image_1945.png,B,B,True
/users/student/pg/pg24/yash.sarang/GNR/GNR638-Group2-24M2152-24M2160-25D1598/Kaggle_Competition/synthetic_data/synthetic_data/images/image_1946.png,B,B,True
/users/student/pg/pg24/yash.sarang/GNR/GNR638-Group2-24M2152-24M2160-25D1598/Kaggle_Competition/synthetic_data/synthetic_data/images/image_1947.png,B,B,True
/users/student/pg/pg24/yash.sarang/GNR/GNR638-Group2-24M2152-24M2160-25D1598/Kaggle_Competition/synthetic_data/synthetic_data/images/image_1948.png,B,B,True
/users/student/pg/pg24/yash.sarang/GNR/GNR638-Group2-24M2152-24M2160-25D1598/Kaggle_Competition/synthetic_data/synthetic_data/images/image_1949.png,B,B,True
/users/student/pg/pg24/yash.sarang/GNR/GNR638-Group2-24M2152-24M2160-25D1598/Kaggle_Competition/synthetic_data/synthetic_data/images/image_1950.png,B,B,True
/users/student/pg/pg24/yash.sarang/GNR/GNR638-Group2-24M2152-24M2160-25D1598/Kaggle_Competition/synthetic_data/synthetic_data/images/image_1951.png,C,C,True
/users/student/pg/pg24/yash.sarang/GNR/GNR638-Group2-24M2152-24M2160-25D1598/Kaggle_Competition/synthetic_data/synthetic_data/images/image_1952.png,C,C,True
/users/student/pg/pg24/yash.sarang/GNR/GNR638-Group2-24M2152-24M2160-25D1598/Kaggle_Competition/synthetic_data/synthetic_data/images/image_1953.png,C,C,True
/users/student/pg/pg24/yash.sarang/GNR/GNR638-Group2-24M2152-24M2160-25D1598/Kaggle_Competition/synthetic_data/synthetic_data/images/image_1954.png,D,C,False
/users/student/pg/pg24/yash.sarang/GNR/GNR638-Group2-24M2152-24M2160-25D1598/Kaggle_Competition/synthetic_data/synthetic_data/images/image_1955.png,C,C,True
/users/student/pg/pg24/yash.sarang/GNR/GNR638-Group2-24M2152-24M2160-25D1598/Kaggle_Competition/synthetic_data/synthetic_data/images/image_1956.png,C,C,True
/users/student/pg/pg24/yash.sarang/GNR/GNR638-Group2-24M2152-24M2160-25D1598/Kaggle_Competition/synthetic_data/synthetic_data/images/image_1957.png,C,C,True
/users/student/pg/pg24/yash.sarang/GNR/GNR638-Group2-24M2152-24M2160-25D1598/Kaggle_Competition/synthetic_data/synthetic_data/images/image_1958.png,C,C,True
/users/student/pg/pg24/yash.sarang/GNR/GNR638-Group2-24M2152-24M2160-25D1598/Kaggle_Competition/synthetic_data/synthetic_data/images/image_1959.png,C,C,True
/users/student/pg/pg24/yash.sarang/GNR/GNR638-Group2-24M2152-24M2160-25D1598/Kaggle_Competition/synthetic_data/synthetic_data/images/image_1960.png,C,C,True
/users/student/pg/pg24/yash.sarang/GNR/GNR638-Group2-24M2152-24M2160-25D1598/Kaggle_Competition/synthetic_data/synthetic_data/images/image_1961.png,C,C,True
/users/student/pg/pg24/yash.sarang/GNR/GNR638-Group2-24M2152-24M2160-25D1598/Kaggle_Competition/synthetic_data/synthetic_data/images/image_1962.png,C,C,True
/users/student/pg/pg24/yash.sarang/GNR/GNR638-Group2-24M2152-24M2160-25D1598/Kaggle_Competition/synthetic_data/synthetic_data/images/image_1963.png,C,C,True
/users/student/pg/pg24/yash.sarang/GNR/GNR638-Group2-24M2152-24M2160-25D1598/Kaggle_Competition/synthetic_data/synthetic_data/images/image_1964.png,C,C,True
/users/student/pg/pg24/yash.sarang/GNR/GNR638-Group2-24M2152-24M2160-25D1598/Kaggle_Competition/synthetic_data/synthetic_data/images/image_1965.png,C,C,True
/users/student/pg/pg24/yash.sarang/GNR/GNR638-Group2-24M2152-24M2160-25D1598/Kaggle_Competition/synthetic_data/synthetic_data/images/image_1966.png,D,C,False
/users/student/pg/pg24/yash.sarang/GNR/GNR638-Group2-24M2152-24M2160-25D1598/Kaggle_Competition/synthetic_data/synthetic_data/images/image_1967.png,C,C,True
/users/student/pg/pg24/yash.sarang/GNR/GNR638-Group2-24M2152-24M2160-25D1598/Kaggle_Competition/synthetic_data/synthetic_data/images/image_1968.png,D,C,False
/users/student/pg/pg24/yash.sarang/GNR/GNR638-Group2-24M2152-24M2160-25D1598/Kaggle_Competition/synthetic_data/synthetic_data/images/image_1969.png,C,C,True
/users/student/pg/pg24/yash.sarang/GNR/GNR638-Group2-24M2152-24M2160-25D1598/Kaggle_Competition/synthetic_data/synthetic_data/images/image_1970.png,C,C,True
/users/student/pg/pg24/yash.sarang/GNR/GNR638-Group2-24M2152-24M2160-25D1598/Kaggle_Competition/synthetic_data/synthetic_data/images/image_1971.png,C,C,True
/users/student/pg/pg24/yash.sarang/GNR/GNR638-Group2-24M2152-24M2160-25D1598/Kaggle_Competition/synthetic_data/synthetic_data/images/image_1972.png,C,C,True
/users/student/pg/pg24/yash.sarang/GNR/GNR638-Group2-24M2152-24M2160-25D1598/Kaggle_Competition/synthetic_data/synthetic_data/images/image_1973.png,C,C,True
/users/student/pg/pg24/yash.sarang/GNR/GNR638-Group2-24M2152-24M2160-25D1598/Kaggle_Competition/synthetic_data/synthetic_data/images/image_1974.png,C,C,True
/users/student/pg/pg24/yash.sarang/GNR/GNR638-Group2-24M2152-24M2160-25D1598/Kaggle_Competition/synthetic_data/synthetic_data/images/image_1975.png,C,C,True
/users/student/pg/pg24/yash.sarang/GNR/GNR638-Group2-24M2152-24M2160-25D1598/Kaggle_Competition/synthetic_data/synthetic_data/images/image_1976.png,D,D,True
/users/student/pg/pg24/yash.sarang/GNR/GNR638-Group2-24M2152-24M2160-25D1598/Kaggle_Competition/synthetic_data/synthetic_data/images/image_1977.png,D,D,True
/users/student/pg/pg24/yash.sarang/GNR/GNR638-Group2-24M2152-24M2160-25D1598/Kaggle_Competition/synthetic_data/synthetic_data/images/image_1978.png,D,D,True
/users/student/pg/pg24/yash.sarang/GNR/GNR638-Group2-24M2152-24M2160-25D1598/Kaggle_Competition/synthetic_data/synthetic_data/images/image_1979.png,B,D,False
/users/student/pg/pg24/yash.sarang/GNR/GNR638-Group2-24M2152-24M2160-25D1598/Kaggle_Competition/synthetic_data/synthetic_data/images/image_1980.png,D,D,True
/users/student/pg/pg24/yash.sarang/GNR/GNR638-Group2-24M2152-24M2160-25D1598/Kaggle_Competition/synthetic_data/synthetic_data/images/image_1981.png,D,D,True
/users/student/pg/pg24/yash.sarang/GNR/GNR638-Group2-24M2152-24M2160-25D1598/Kaggle_Competition/synthetic_data/synthetic_data/images/image_1982.png,D,D,True
/users/student/pg/pg24/yash.sarang/GNR/GNR638-Group2-24M2152-24M2160-25D1598/Kaggle_Competition/synthetic_data/synthetic_data/images/image_1983.png,D,D,True
/users/student/pg/pg24/yash.sarang/GNR/GNR638-Group2-24M2152-24M2160-25D1598/Kaggle_Competition/synthetic_data/synthetic_data/images/image_1984.png,D,D,True
/users/student/pg/pg24/yash.sarang/GNR/GNR638-Group2-24M2152-24M2160-25D1598/Kaggle_Competition/synthetic_data/synthetic_data/images/image_1985.png,D,D,True
/users/student/pg/pg24/yash.sarang/GNR/GNR638-Group2-24M2152-24M2160-25D1598/Kaggle_Competition/synthetic_data/synthetic_data/images/image_1986.png,D,D,True
/users/student/pg/pg24/yash.sarang/GNR/GNR638-Group2-24M2152-24M2160-25D1598/Kaggle_Competition/synthetic_data/synthetic_data/images/image_1987.png,D,D,True
/users/student/pg/pg24/yash.sarang/GNR/GNR638-Group2-24M2152-24M2160-25D1598/Kaggle_Competition/synthetic_data/synthetic_data/images/image_1988.png,D,D,True
/users/student/pg/pg24/yash.sarang/GNR/GNR638-Group2-24M2152-24M2160-25D1598/Kaggle_Competition/synthetic_data/synthetic_data/images/image_1989.png,D,D,True
/users/student/pg/pg24/yash.sarang/GNR/GNR638-Group2-24M2152-24M2160-25D1598/Kaggle_Competition/synthetic_data/synthetic_data/images/image_1990.png,D,D,True
/users/student/pg/pg24/yash.sarang/GNR/GNR638-Group2-24M2152-24M2160-25D1598/Kaggle_Competition/synthetic_data/synthetic_data/images/image_1991.png,D,D,True
/users/student/pg/pg24/yash.sarang/GNR/GNR638-Group2-24M2152-24M2160-25D1598/Kaggle_Competition/synthetic_data/synthetic_data/images/image_1992.png,D,D,True
/users/student/pg/pg24/yash.sarang/GNR/GNR638-Group2-24M2152-24M2160-25D1598/Kaggle_Competition/synthetic_data/synthetic_data/images/image_1993.png,D,D,True
/users/student/pg/pg24/yash.sarang/GNR/GNR638-Group2-24M2152-24M2160-25D1598/Kaggle_Competition/synthetic_data/synthetic_data/images/image_1994.png,D,D,True
/users/student/pg/pg24/yash.sarang/GNR/GNR638-Group2-24M2152-24M2160-25D1598/Kaggle_Competition/synthetic_data/synthetic_data/images/image_1995.png,D,D,True
/users/student/pg/pg24/yash.sarang/GNR/GNR638-Group2-24M2152-24M2160-25D1598/Kaggle_Competition/synthetic_data/synthetic_data/images/image_1996.png,D,D,True
/users/student/pg/pg24/yash.sarang/GNR/GNR638-Group2-24M2152-24M2160-25D1598/Kaggle_Competition/synthetic_data/synthetic_data/images/image_1997.png,D,D,True
/users/student/pg/pg24/yash.sarang/GNR/GNR638-Group2-24M2152-24M2160-25D1598/Kaggle_Competition/synthetic_data/synthetic_data/images/image_1998.png,D,D,True
/users/student/pg/pg24/yash.sarang/GNR/GNR638-Group2-24M2152-24M2160-25D1598/Kaggle_Competition/synthetic_data/synthetic_data/images/image_1999.png,D,D,True
/users/student/pg/pg24/yash.sarang/GNR/GNR638-Group2-24M2152-24M2160-25D1598/Kaggle_Competition/synthetic_data/synthetic_data/images/image_2000.png,D,D,True
